HousingPI22_GEOID,HousingPI22_Metro Name,HousingPI22_GEOID.1,HousingPI22_1980,HousingPI22_1981,HousingPI22_1982,HousingPI22_1983,HousingPI22_1984,HousingPI22_1985,HousingPI22_1986,HousingPI22_1987,HousingPI22_1988,HousingPI22_1989,HousingPI22_1990,HousingPI22_1991,HousingPI22_1992,HousingPI22_1993,HousingPI22_1994,HousingPI22_1995,HousingPI22_1996,HousingPI22_1997,HousingPI22_1998,HousingPI22_1999,HousingPI22_2000,HousingPI22_2001,HousingPI22_2002,HousingPI22_2003,HousingPI22_2004,HousingPI22_2005,HousingPI22_2006,HousingPI22_2007,HousingPI22_2008,HousingPI22_2009,HousingPI22_2010,HousingPI22_2011,HousingPI22_2012,HousingPI22_2013,HousingPI22_2014,HousingPI22_2015,HousingPI22_2016,HousingPI22_2017,HousingPI22_2018,HousingPI22_2019,HousingPI22_2020,HousingPI22_2021,HousingPI22_2022
10540,"Albany, OR",10540,2.8,2.6,2.6,2.5,2.3,2.2,2.1,1.9,1.9,1.9,2.0,2.2,2.3,2.6,2.8,3.0,3.0,3.1,3.2,3.2,3.3,3.5,3.5,3.5,3.6,3.9,4.3,4.5,4.3,4.2,4.0,4.0,3.8,3.9,4.0,4.1,4.2,4.4,4.6,4.6,4.7,5.4,6.2
10180,"Abilene, TX",10180,3.2,3.0,3.1,3.0,2.8,2.7,2.7,2.4,2.2,2.1,2.0,2.1,2.2,2.2,2.2,2.1,2.1,2.1,2.1,2.1,2.1,2.2,2.3,2.3,2.4,2.4,2.5,2.5,2.5,2.6,2.7,2.9,2.9,2.9,3.0,3.3,3.2,3.3,3.3,3.4,3.6,4.0,4.5
10420,"Akron, OH",10420,2.2,2.2,2.1,2.1,2.0,1.9,1.9,2.0,2.0,2.2,2.2,2.3,2.5,2.5,2.4,2.5,2.6,2.6,2.6,2.4,2.5,2.6,2.7,2.7,2.6,2.7,2.5,2.5,2.1,1.8,2.3,1.9,2.2,2.3,2.3,2.2,2.3,2.4,2.5,2.6,2.7,2.8,3.1
10580,"Albany-Schenectady-Troy, NY",10580,2.3,2.3,2.3,2.3,2.4,2.5,2.8,3.1,3.2,3.2,3.1,3.1,3.1,3.1,3.1,2.9,2.8,2.7,2.6,2.4,2.4,2.6,2.7,3.0,3.3,3.6,3.7,3.6,3.5,3.3,3.4,3.3,3.4,3.3,3.3,3.2,3.1,3.0,2.9,3.0,3.1,3.3,3.4
10740,"Albuquerque, NM",10740,3.5,3.5,3.4,3.4,3.4,3.3,3.3,3.3,3.2,3.1,3.0,3.0,3.1,3.2,3.3,3.4,3.4,3.5,3.4,3.3,3.3,3.4,3.3,3.3,3.4,3.8,4.1,4.3,4.1,3.8,3.9,3.6,3.6,3.7,3.7,3.7,3.8,3.9,3.8,4.0,4.2,4.9,5.4
10780,"Alexandria, LA",10780,3.2,3.3,3.4,3.4,3.4,3.3,3.3,3.2,2.9,2.8,2.8,2.7,2.7,2.7,2.7,2.7,2.7,2.6,2.7,2.7,2.7,2.8,2.9,3.0,3.0,3.1,3.2,3.2,3.1,3.1,3.2,3.0,3.1,3.0,3.1,3.3,3.4,3.3,3.1,3.1,3.1,3.5,3.8
10900,"Allentown-Bethlehem-Easton, PA-NJ",10900,2.5,2.5,2.4,2.3,2.3,2.4,2.5,2.8,3.2,3.1,3.1,3.0,3.0,2.9,2.8,2.7,2.6,2.6,2.5,2.4,2.5,2.6,3.4,3.8,4.1,4.7,4.7,4.7,4.3,3.9,4.1,3.4,3.4,3.1,3.0,2.9,3.0,2.9,3.0,3.0,3.3,3.7,4.1
10500,"Albany, GA",10500,3.2,3.3,3.2,3.1,3.0,3.0,2.9,2.9,2.8,2.7,2.6,2.6,2.6,2.6,2.5,2.4,2.5,2.5,2.5,2.5,2.6,2.7,2.8,2.9,2.8,2.9,3.0,3.2,3.2,3.2,3.2,3.0,2.9,2.9,2.9,3.0,3.0,3.1,3.1,3.1,3.2,3.4,4.1
11020,"Altoona, PA",11020,1.8,1.8,1.7,1.7,1.6,1.6,1.6,1.7,1.8,1.7,1.7,1.8,1.8,1.9,1.9,2.0,2.0,2.0,2.1,2.1,2.1,2.2,2.3,2.3,2.4,2.4,2.4,2.4,2.5,2.5,2.3,2.3,2.3,2.4,2.4,2.4,2.4,2.5,2.4,2.5,2.5,2.5,2.7
11100,"Amarillo, TX",11100,2.5,2.6,2.6,2.6,2.6,2.6,2.5,2.5,2.3,2.1,2.1,2.1,2.0,2.1,2.1,2.2,2.3,2.3,2.3,2.3,2.3,2.4,2.5,2.5,2.6,2.7,2.8,2.7,2.8,2.7,2.7,2.7,2.8,2.8,2.8,2.8,2.9,2.9,3.0,2.9,3.1,3.5,3.7
11180,"Ames, IA",11180,3.5,3.2,3.1,3.0,2.9,2.8,2.7,2.6,2.5,2.4,2.4,2.5,2.6,2.6,2.7,2.8,2.8,2.8,2.8,2.8,2.9,3.0,3.1,3.1,3.3,3.3,3.2,3.1,3.0,3.0,3.0,3.0,3.0,2.9,3.1,3.1,3.0,3.0,3.0,3.1,3.0,3.3,3.8
11260,"Anchorage, AK",11260,2.8,3.0,3.4,3.3,3.4,3.2,3.3,2.8,2.9,2.4,2.3,2.4,2.4,2.4,2.5,2.5,2.6,2.6,2.7,2.7,2.8,3.0,3.2,3.4,3.7,4.1,4.3,4.3,4.0,3.6,3.7,3.8,3.8,3.9,3.7,3.7,4.0,4.0,4.0,4.0,4.1,4.4,4.6
11500,"Anniston-Oxford-Jacksonville, AL",11500,3.0,2.8,2.7,2.6,2.6,2.5,2.5,2.5,2.5,2.5,2.4,2.4,2.4,2.4,2.4,2.4,2.5,2.5,2.5,2.5,2.5,2.7,2.8,2.9,2.9,3.0,3.1,3.1,3.2,3.2,3.1,2.9,3.0,2.9,2.8,2.8,2.8,2.8,2.8,2.9,2.9,3.4,4.2
11460,"Ann Arbor, MI",11460,3.4,3.5,3.1,2.8,2.6,2.5,2.6,2.7,2.9,3.1,3.2,3.2,3.2,3.2,3.2,3.3,3.4,3.5,3.5,3.6,3.7,3.9,4.2,4.3,4.4,4.5,4.3,3.9,3.6,3.5,3.4,3.3,3.3,3.4,3.7,3.6,3.7,3.7,3.8,3.9,4.0,4.5,5.0
11540,"Appleton, WI",11540,2.4,2.2,2.0,2.1,2.0,1.9,1.9,1.8,1.8,1.8,1.8,1.8,1.8,1.9,1.9,1.9,1.9,1.9,1.9,1.9,2.0,2.0,2.2,2.2,2.3,2.4,2.4,2.4,2.3,2.1,2.1,2.0,2.1,2.4,2.4,2.3,2.4,2.5,2.6,2.7,2.8,3.2,3.5
11700,"Asheville, NC",11700,3.4,3.4,3.3,3.1,3.1,3.1,3.2,3.1,3.1,3.0,3.0,3.0,3.0,3.0,3.1,3.1,3.1,3.3,3.4,3.5,3.6,3.8,4.1,4.2,4.4,4.6,4.9,5.1,5.1,5.0,4.8,4.5,4.3,4.2,4.3,4.3,4.5,4.6,4.7,4.6,4.7,5.3,6.5
12100,"Atlantic City-Hammonton, NJ",12100,3.0,2.8,2.5,2.4,2.4,2.6,2.9,3.2,3.3,3.3,3.2,3.0,3.0,2.8,2.8,2.7,2.6,2.6,2.6,2.6,2.6,2.7,3.2,3.6,4.0,4.7,4.7,4.8,4.6,4.1,4.3,4.2,4.2,4.1,3.8,3.7,3.3,3.1,3.1,3.4,3.8,4.4,4.7
12020,"Athens-Clarke County, GA",12020,3.9,4.1,4.1,4.0,3.9,3.8,3.7,3.5,3.5,3.4,3.4,3.5,3.5,3.4,3.4,3.4,3.5,3.5,3.5,3.5,3.7,4.0,4.3,4.5,4.8,4.9,4.9,4.8,4.8,4.7,4.4,4.1,4.1,4.1,4.2,4.3,4.3,4.1,4.1,4.1,4.3,4.5,5.4
12060,"Atlanta-Sandy Springs-Roswell, GA",12060,2.6,2.6,2.6,2.5,2.4,2.4,2.4,2.4,2.4,2.4,2.4,2.4,2.4,2.4,2.4,2.3,2.3,2.3,2.4,2.4,2.5,2.6,2.8,2.9,2.9,3.0,3.0,2.9,2.5,2.1,2.1,1.8,1.8,2.5,2.8,2.9,2.9,3.0,3.2,3.3,3.5,4.1,4.7
12220,"Auburn-Opelika, AL",12220,4.4,4.2,4.0,3.9,3.8,3.7,3.8,3.8,3.6,3.5,3.4,3.3,3.3,3.4,3.4,3.5,3.5,3.6,3.6,3.7,3.8,3.9,3.9,3.9,4.0,4.2,4.3,4.2,4.1,4.1,4.0,3.7,3.7,3.7,3.7,3.9,3.6,3.7,3.7,3.7,3.7,4.4,5.3
12260,"Augusta-Richmond County, GA-SC",12260,2.7,2.7,2.7,2.6,2.5,2.5,2.6,2.5,2.4,2.3,2.2,2.3,2.3,2.4,2.4,2.4,2.4,2.4,2.4,2.4,2.4,2.6,2.7,2.8,2.8,3.0,3.1,3.3,3.3,3.4,3.3,3.1,3.0,3.0,2.9,2.9,3.0,3.1,3.2,3.2,3.3,3.7,4.6
12420,"Austin-Round Rock, TX",12420,3.4,3.2,3.2,3.2,3.4,3.5,3.5,3.2,2.8,2.5,2.4,2.5,2.7,2.8,2.8,2.8,2.8,2.9,2.8,2.7,2.9,3.0,3.2,3.2,3.1,3.2,3.3,3.3,3.3,3.3,3.4,3.4,3.5,3.6,3.8,3.9,4.0,4.0,4.1,4.1,4.4,5.6,6.1
12540,"Bakersfield, CA",12540,2.4,2.4,2.4,2.3,2.2,2.2,2.3,2.4,2.8,3.1,2.9,3.0,3.1,3.1,3.0,2.9,2.9,2.8,2.7,2.5,2.4,2.7,3.1,3.7,4.6,6.4,6.4,5.8,4.1,2.8,2.9,2.9,3.1,4.0,4.3,4.3,4.4,4.5,4.6,4.7,4.9,5.6,6.2
12580,"Baltimore-Columbia-Towson, MD",12580,2.1,2.2,2.0,2.0,2.0,2.0,2.0,2.1,2.2,2.2,2.4,2.4,2.5,2.5,2.5,2.3,2.2,2.2,2.1,2.1,2.5,2.5,2.9,3.4,3.9,4.5,4.6,4.5,4.2,3.8,3.8,3.5,3.6,3.6,3.4,3.3,3.3,3.3,3.5,3.6,3.9,4.1,4.2
12620,"Bangor, ME",12620,2.3,2.5,2.2,2.1,2.1,2.2,2.3,2.5,2.5,2.5,2.6,2.6,2.6,2.6,2.5,2.5,2.5,2.4,2.4,2.3,2.3,2.4,2.6,2.7,2.8,3.1,3.1,3.1,3.1,3.0,3.1,3.0,3.0,3.0,3.0,3.0,2.8,2.8,2.8,2.9,2.9,3.2,3.7
12700,"Barnstable Town, MA",12700,3.4,3.6,3.4,3.4,3.6,4.0,4.5,4.7,4.6,4.6,4.6,4.5,4.4,4.2,4.0,3.9,3.8,3.8,3.7,3.9,4.3,4.7,5.7,6.6,7.2,7.2,6.7,6.5,5.8,5.5,5.8,5.4,5.3,5.4,5.3,5.5,5.3,5.5,5.5,5.6,6.1,7.3,8.0
12940,"Baton Rouge, LA",12940,3.5,3.3,3.4,3.4,3.4,3.1,3.2,2.9,2.6,2.5,2.4,2.4,2.5,2.5,2.5,2.6,2.6,2.6,2.7,2.8,2.9,3.0,3.1,3.2,3.2,3.5,4.0,3.8,3.5,3.4,3.5,3.3,3.3,3.3,3.3,3.4,3.4,3.6,3.6,3.6,3.8,4.3,4.6
12980,"Battle Creek, MI",12980,1.8,1.8,1.6,1.6,1.5,1.5,1.5,1.5,1.5,1.6,1.6,1.6,1.6,1.6,1.7,1.7,1.8,1.9,2.0,2.0,2.1,2.2,2.3,2.3,2.4,2.4,2.4,2.4,2.3,2.2,2.1,2.0,2.0,2.0,2.1,2.2,2.3,2.3,2.3,2.3,2.3,2.5,2.9
13020,"Bay City, MI",13020,1.9,1.9,1.7,1.6,1.5,1.5,1.5,1.6,1.6,1.6,1.7,1.7,1.8,1.8,1.9,1.9,2.0,2.0,2.1,2.1,2.2,2.2,2.4,2.4,2.5,2.5,2.4,2.3,2.1,2.0,1.9,1.8,1.9,1.9,2.0,2.1,2.2,2.2,2.1,2.1,2.1,2.3,2.7
13140,"Beaumont-Port Arthur, TX",13140,2.4,2.3,2.4,2.4,2.4,2.3,2.3,2.2,2.1,2.1,2.0,2.1,2.2,2.2,2.2,2.1,2.2,2.1,2.2,2.2,2.2,2.3,2.3,2.4,2.5,2.6,2.8,2.8,2.9,3.0,2.9,2.9,2.9,3.1,3.0,2.9,2.9,3.0,3.0,3.3,3.4,3.5,3.5
13220,"Beckley, WV",13220,3.4,3.0,2.9,2.7,2.6,2.6,2.7,2.7,2.6,2.5,2.4,2.4,2.6,2.5,2.5,2.5,2.5,2.5,2.6,2.5,2.6,2.7,2.7,2.7,2.7,2.7,2.7,2.7,2.7,2.7,2.6,2.5,2.4,2.4,2.4,2.3,2.2,2.2,2.2,2.1,2.3,2.7,3.0
13380,"Bellingham, WA",13380,3.3,3.3,3.3,3.1,3.0,2.8,2.7,2.5,2.5,2.7,3.0,3.1,3.3,3.5,3.7,3.7,3.7,3.7,3.7,3.7,3.8,4.1,4.3,4.6,5.2,6.2,6.8,6.9,6.7,6.4,5.8,5.3,5.1,5.3,5.5,5.7,5.9,6.2,6.4,6.5,6.6,7.6,8.9
13740,"Billings, MT",13740,2.9,2.7,2.8,2.6,2.8,2.8,2.8,2.6,2.5,2.4,2.3,2.3,2.4,2.5,2.6,2.7,2.7,2.7,2.7,2.7,2.7,2.8,2.9,3.1,3.3,3.6,3.7,3.7,3.8,3.8,3.8,3.8,3.8,3.8,3.8,4.0,4.0,4.1,4.2,4.3,4.4,4.7,5.5
13780,"Binghamton, NY",13780,2.0,1.9,1.9,1.8,1.9,2.1,2.3,2.5,2.5,2.4,2.4,2.4,2.4,2.4,2.3,2.1,2.0,1.9,2.0,1.9,1.9,2.0,2.0,2.1,2.2,2.3,2.3,2.5,2.5,2.6,2.5,2.4,2.3,2.3,2.3,2.2,2.2,2.1,2.3,2.2,2.2,2.5,2.6
13820,"Birmingham-Hoover, AL",13820,3.5,3.5,3.3,3.3,3.3,3.2,3.2,3.2,3.2,3.0,3.0,3.1,3.2,3.2,3.2,3.2,3.4,3.4,3.3,3.3,3.2,3.3,3.4,3.4,3.5,3.6,3.7,3.4,3.2,3.1,3.2,3.1,3.2,3.5,3.4,3.5,3.6,3.6,3.7,3.7,4.1,4.5,5.1
13980,"Blacksburg-Christiansburg-Radford, VA",13980,3.6,3.4,3.1,3.0,2.8,2.7,2.7,2.9,3.0,3.1,3.0,3.0,3.0,3.1,3.1,3.2,3.1,3.1,3.1,3.1,3.2,3.3,3.4,3.5,3.7,3.9,4.1,4.1,4.1,4.1,3.9,3.8,3.7,3.7,3.7,3.7,3.6,3.7,4.0,4.0,4.1,4.4,5.0
14500,"Boulder, CO",14500,4.0,3.9,4.2,3.7,3.7,3.7,3.7,3.6,3.4,3.3,3.4,3.6,3.8,4.2,4.7,4.8,4.8,4.7,4.6,4.6,5.0,5.3,5.6,5.5,5.6,5.9,6.0,5.8,5.5,5.4,5.6,5.5,5.6,5.8,5.9,6.3,6.7,7.1,7.2,7.1,7.2,8.6,9.1
14020,"Bloomington, IN",14020,2.9,3.0,2.8,2.8,2.7,2.6,2.6,2.6,2.6,2.6,2.6,2.7,2.8,2.9,3.1,3.1,3.2,3.2,3.2,3.2,3.2,3.3,3.3,3.4,3.5,3.6,3.5,3.4,3.5,3.5,3.5,3.4,3.3,3.2,3.2,3.4,3.3,3.3,3.3,3.2,3.2,3.9,4.7
14010,"Bloomington, IL",14010,3.0,2.9,2.6,2.4,2.3,2.3,2.4,2.6,2.6,2.5,2.4,2.4,2.5,2.5,2.6,2.6,2.7,2.6,2.6,2.5,2.5,2.6,2.7,2.8,2.9,3.1,2.8,2.7,2.8,2.6,2.7,2.5,2.6,2.5,2.5,2.5,2.4,2.4,2.5,2.4,2.4,2.7,3.1
13460,"Bend-Redmond, OR",13460,3.4,3.4,3.4,3.3,3.0,2.8,2.7,2.6,2.5,2.5,2.6,2.7,2.9,3.0,3.1,3.2,3.2,3.2,3.3,3.3,3.5,3.9,4.4,4.8,5.3,6.3,8.0,8.1,7.1,6.7,6.3,5.7,5.2,5.0,4.9,5.1,5.5,5.9,6.3,6.7,6.7,7.6,8.6
14260,"Boise City, ID",14260,3.2,3.3,3.0,2.9,2.8,2.7,2.7,2.5,2.4,2.3,2.4,2.5,2.6,2.7,2.8,2.7,2.7,2.7,2.7,2.9,2.9,2.9,2.8,2.9,3.0,3.3,4.2,4.1,3.7,3.1,3.0,2.5,2.9,3.3,3.4,3.5,3.7,3.9,4.3,4.5,5.1,6.3,6.6
14100,"Bloomsburg-Berwick, PA",14100,2.1,2.1,2.0,2.0,1.9,1.9,1.9,2.1,2.2,2.2,2.2,2.2,2.3,2.3,2.3,2.3,2.4,2.3,2.3,2.4,2.5,2.5,2.6,2.6,2.7,2.9,2.9,2.9,2.9,2.9,2.9,2.9,2.8,2.7,2.8,2.9,2.8,2.9,2.9,2.9,3.0,3.3,3.6
14460,"Boston-Cambridge-Newton, MA-NH",14460,3.0,3.2,3.0,3.0,3.3,3.7,4.2,4.4,4.4,4.2,4.0,3.9,4.0,4.0,4.0,3.9,3.9,3.8,4.1,4.4,4.8,5.0,5.7,6.2,6.5,6.6,6.2,5.9,5.2,4.7,5.1,4.9,4.8,5.0,5.1,5.1,5.1,5.2,5.3,5.2,5.7,6.3,6.5
14540,"Bowling Green, KY",14540,3.7,3.7,3.4,3.4,3.2,3.2,3.1,3.1,3.1,3.0,3.0,3.0,3.0,3.0,3.0,3.1,3.0,3.1,3.0,3.1,3.1,3.2,3.3,3.3,3.3,3.4,3.3,3.3,3.3,3.4,3.4,3.4,3.3,3.1,3.0,3.2,3.4,3.5,3.4,3.6,3.7,4.1,4.5
14740,"Bremerton-Silverdale, WA",14740,3.0,3.1,3.0,2.7,2.6,2.6,2.5,2.4,2.4,2.5,2.6,2.7,2.8,2.9,3.0,3.0,3.0,3.0,3.1,3.1,3.2,3.3,3.5,3.6,4.0,4.7,5.4,5.5,5.2,4.7,4.5,4.3,4.0,4.0,4.1,4.3,4.5,4.8,5.1,5.4,5.5,6.0,6.8
14860,"Bridgeport-Stamford-Norwalk, CT",14860,4.9,4.9,4.6,4.5,4.8,5.4,6.4,6.9,6.4,6.0,5.9,5.9,6.0,6.0,5.8,5.7,5.5,5.3,5.2,5.3,5.5,5.8,6.5,7.3,7.4,7.4,6.8,6.6,5.9,5.2,5.8,5.8,5.3,5.5,5.3,4.9,4.8,4.9,4.8,4.6,5.3,6.2,6.3
15180,"Brownsville-Harlingen, TX",15180,2.7,2.7,3.0,3.1,3.2,3.2,3.2,2.9,2.7,2.5,2.4,2.3,2.3,2.3,2.3,2.4,2.4,2.3,2.3,2.3,2.2,2.4,2.5,2.6,2.6,2.8,2.8,2.7,2.7,2.7,2.6,2.5,2.5,2.6,2.6,2.7,2.6,2.6,2.6,2.6,2.6,2.7,3.1
13900,"Bismarck, ND",13900,2.6,2.8,2.1,2.4,2.7,2.5,2.5,2.4,2.2,2.1,2.0,2.0,2.0,2.0,2.1,2.1,2.1,2.1,2.1,2.0,2.1,2.2,2.3,2.4,2.5,2.7,2.8,3.1,2.9,2.9,3.0,2.9,3.2,3.5,3.7,3.8,3.8,3.6,3.5,3.5,3.7,3.9,3.8
15260,"Brunswick, GA",15260,2.9,3.0,3.0,3.0,2.9,2.8,2.8,2.8,2.7,2.6,2.6,2.7,2.7,2.7,2.8,2.8,2.8,2.9,2.9,3.0,3.1,3.3,3.4,3.6,3.7,3.9,4.1,4.2,4.2,4.2,3.9,3.5,3.3,3.1,3.2,3.2,3.5,3.5,3.4,3.4,3.6,3.9,4.6
15380,"Buffalo-Cheektowaga-Niagara Falls, NY",15380,2.3,2.3,2.2,2.2,2.2,2.2,2.2,2.3,2.5,2.6,2.7,2.7,2.7,2.7,2.6,2.5,2.5,2.3,2.3,2.1,2.1,2.2,2.2,2.2,2.3,2.3,2.3,2.3,2.3,2.4,2.6,2.5,2.6,2.6,2.5,2.5,2.5,2.6,2.6,2.7,2.9,3.3,3.5
15500,"Burlington, NC",15500,2.7,2.8,2.7,2.7,2.7,2.8,2.8,2.7,2.7,2.7,2.7,2.8,2.8,2.8,2.9,2.9,3.0,3.0,3.0,3.0,3.0,3.2,3.4,3.6,3.6,3.6,3.7,3.7,3.7,3.8,3.6,3.4,3.3,3.4,3.4,3.5,3.5,3.4,3.3,3.3,3.3,3.7,4.6
15540,"Burlington-South Burlington, VT",15540,2.4,1.9,2.2,2.1,2.0,2.0,2.1,2.3,2.4,2.5,2.5,2.5,2.5,2.5,2.5,2.5,2.4,2.3,2.3,2.2,2.3,2.4,2.6,2.8,3.1,3.5,3.7,3.6,3.6,3.6,4.0,4.1,3.8,4.0,3.9,3.9,4.0,4.1,4.2,4.2,4.4,4.7,5.2
16020,"Cape Girardeau, MO-IL",16020,3.8,3.6,3.4,3.5,3.5,3.5,3.5,3.5,3.4,3.2,3.2,3.1,3.1,3.1,3.3,3.2,3.3,3.2,3.2,3.1,3.1,3.3,3.3,3.4,3.5,3.6,3.6,3.6,3.5,3.5,3.5,3.4,3.5,3.4,3.1,2.9,2.9,3.0,2.8,2.9,3.0,3.1,3.3
15680,"California-Lexington Park, MD",15680,4.2,4.0,3.6,3.4,3.3,3.2,3.2,3.2,3.3,3.3,3.4,3.4,3.5,3.6,3.7,3.6,3.4,3.1,3.0,2.9,3.0,3.2,3.4,3.7,4.4,5.1,5.5,5.3,5.0,4.6,4.1,3.7,3.6,3.7,3.8,3.9,4.0,3.9,3.8,3.6,3.6,3.7,3.8
15940,"Canton-Massillon, OH",15940,2.4,2.3,2.3,2.2,2.1,2.1,2.1,2.1,2.1,2.1,2.2,2.3,2.4,2.4,2.4,2.5,2.5,2.6,2.5,2.7,2.6,2.6,2.7,2.8,2.8,2.7,2.6,2.5,2.1,2.0,2.1,2.3,2.1,2.4,2.3,2.4,2.4,2.5,2.5,2.5,2.7,2.8,3.0
16180,"Carson City, NV",16180,3.6,3.8,3.9,3.7,3.5,3.3,3.3,3.1,3.0,3.0,3.2,3.4,3.6,3.6,3.7,3.7,3.7,3.6,3.6,3.4,3.5,3.7,4.0,4.4,5.3,6.5,6.7,6.1,5.2,4.5,4.0,3.4,3.3,3.8,4.4,4.8,5.1,5.3,5.5,5.6,5.7,6.2,7.1
16220,"Casper, WY",16220,2.6,2.8,2.8,2.8,2.6,2.5,2.5,2.2,2.0,1.8,1.9,1.9,2.0,2.1,2.3,2.4,2.4,2.4,2.3,2.2,2.2,2.3,2.5,2.7,2.9,3.2,3.6,3.9,3.7,3.6,3.4,3.4,3.4,3.5,3.5,3.6,3.6,3.6,3.7,3.7,4.0,4.4,4.7
16540,"Chambersburg-Waynesboro, PA",16540,2.2,2.1,2.1,2.1,2.1,2.1,2.1,2.3,2.4,2.4,2.3,2.4,2.5,2.5,2.5,2.4,2.3,2.3,2.3,2.3,2.3,2.4,2.5,2.6,2.9,3.2,3.7,3.6,3.6,3.3,3.3,3.0,2.9,2.9,2.9,2.9,2.7,2.7,2.8,2.9,2.9,3.1,3.5
15980,"Cape Coral-Fort Myers, FL",15980,3.1,3.0,3.1,3.0,2.9,2.7,2.6,2.5,2.4,2.3,2.3,2.3,2.3,2.4,2.3,2.3,2.2,2.3,2.3,2.3,2.4,2.9,3.1,3.4,3.9,5.3,5.0,4.6,3.2,1.8,1.9,2.3,2.8,3.4,3.7,4.1,4.3,4.4,4.4,4.2,4.4,5.4,6.5
16300,"Cedar Rapids, IA",16300,1.9,1.8,1.7,1.8,1.7,1.7,1.7,1.7,1.6,1.7,1.8,1.8,2.1,2.2,2.2,2.2,2.3,2.3,2.3,2.2,2.4,2.4,2.5,2.5,2.6,2.6,2.6,2.6,2.5,2.5,2.6,2.4,2.5,2.5,2.5,2.5,2.5,2.4,2.5,2.5,2.5,2.6,2.8
16580,"Champaign-Urbana, IL",16580,3.0,3.1,2.8,2.7,2.6,2.5,2.5,2.6,2.6,2.5,2.4,2.3,2.3,2.4,2.4,2.5,2.5,2.5,2.6,2.4,2.5,2.6,2.8,3.0,3.1,3.3,3.3,3.2,3.2,3.2,3.3,3.1,3.2,2.9,2.8,2.8,2.8,2.9,2.8,2.7,2.8,3.1,3.3
16940,"Cheyenne, WY",16940,2.8,2.7,2.7,2.7,2.8,2.7,2.8,2.7,2.7,2.5,2.4,2.4,2.4,2.4,2.5,2.7,2.7,2.7,2.7,2.6,2.6,2.8,2.9,3.1,3.4,3.6,3.7,3.6,3.6,3.7,3.5,3.4,3.4,3.5,3.5,3.7,3.6,3.7,3.8,3.9,4.2,5.2,5.8
16980,"Chicago-Naperville-Elgin, IL-IN-WI",16980,2.5,2.6,2.4,2.4,2.4,2.4,2.5,2.6,2.7,2.8,3.0,3.2,3.3,3.4,3.3,3.3,3.3,3.2,3.2,3.1,3.2,3.6,4.0,4.3,4.6,4.8,4.8,4.6,4.1,3.4,3.3,3.0,3.0,3.1,3.3,3.4,3.5,3.6,3.6,3.5,3.7,4.2,4.3
17020,"Chico, CA",17020,3.7,3.8,3.8,3.8,3.6,3.5,3.6,3.6,4.0,4.4,4.7,4.9,4.9,4.7,4.7,4.5,4.3,4.1,3.9,3.9,4.1,4.5,5.3,6.3,7.2,8.3,8.1,7.5,6.6,5.9,5.7,4.9,5.1,5.7,5.3,5.7,5.9,6.2,6.1,6.6,6.6,6.7,6.5
16740,"Charlotte-Concord-Gastonia, NC-SC",16740,2.1,2.1,2.1,2.0,2.1,2.1,2.1,2.1,2.1,2.2,2.2,2.4,2.3,2.3,2.2,2.1,2.2,2.3,2.3,2.3,2.3,2.3,2.4,2.5,2.7,2.8,2.9,2.9,2.8,2.8,2.8,2.9,3.0,3.2,3.5,3.4,3.5,3.7,3.9,4.0,4.4,5.1,5.7
16700,"Charleston-North Charleston, SC",16700,2.7,2.9,3.3,2.9,2.7,2.6,2.6,2.7,2.7,2.7,2.6,2.7,2.8,3.0,3.0,3.0,2.9,3.0,3.3,3.4,3.4,3.6,3.9,4.0,4.2,4.4,4.5,4.3,4.1,3.9,4.1,4.0,4.1,4.2,4.2,4.3,4.3,4.4,4.3,4.3,4.5,5.2,5.8
16860,"Chattanooga, TN-GA",16860,2.8,2.9,2.9,2.9,2.8,2.8,2.8,2.8,2.7,2.6,2.6,2.6,2.6,2.5,2.5,2.6,2.7,2.7,2.7,2.6,2.6,2.8,2.9,3.0,3.2,3.3,3.3,3.0,3.0,2.9,2.9,2.8,2.9,2.9,2.9,3.3,3.4,3.5,3.5,3.4,3.7,4.1,4.7
16820,"Charlottesville, VA",16820,4.1,3.9,3.5,3.5,3.4,3.2,3.2,3.2,3.3,3.3,3.3,3.3,3.3,3.4,3.3,3.4,3.3,3.2,3.2,3.2,3.3,3.5,3.8,4.0,4.4,5.0,5.4,5.4,5.2,5.1,4.9,4.7,4.6,4.6,4.6,4.7,4.6,4.5,4.3,4.3,4.3,4.7,5.3
16620,"Charleston, WV",16620,4.2,3.7,3.5,3.2,3.1,3.0,3.1,3.1,3.0,2.9,2.6,2.6,2.8,2.9,2.9,2.9,3.1,2.9,2.9,3.3,3.0,3.1,3.2,3.2,3.1,3.2,3.2,3.2,3.1,3.1,3.1,3.1,3.1,3.1,3.0,3.2,3.3,3.3,3.3,3.2,3.2,3.2,3.2
17140,"Cincinnati, OH-KY-IN",17140,2.7,2.7,2.6,2.6,2.5,2.4,2.4,2.4,2.4,2.5,2.6,2.6,2.7,2.7,2.8,2.7,2.7,2.7,2.7,2.7,2.8,2.8,2.8,2.9,2.9,2.9,2.8,2.7,2.4,2.3,2.5,2.3,2.4,2.5,2.5,2.5,2.6,2.6,2.8,2.8,3.1,3.5,3.8
17300,"Clarksville, TN-KY",17300,3.3,3.3,3.0,3.0,2.8,2.9,2.8,2.8,2.7,2.6,2.5,2.4,2.4,2.3,2.3,2.4,2.4,2.5,2.5,2.5,2.5,2.6,2.6,2.7,2.7,2.8,2.8,2.9,3.0,3.1,3.1,3.1,3.1,3.0,3.1,3.2,3.1,3.2,3.5,3.5,3.6,4.0,5.1
17420,"Cleveland, TN",17420,2.9,2.8,2.6,2.6,2.4,2.5,2.5,2.5,2.5,2.4,2.4,2.3,2.4,2.4,2.5,2.5,2.6,2.7,2.8,2.8,2.9,3.1,3.3,3.3,3.4,3.6,3.9,4.0,4.0,4.0,3.8,3.7,3.5,3.5,3.5,3.6,3.6,3.6,3.6,3.7,3.8,4.1,5.0
17460,"Cleveland-Elyria, OH",17460,2.6,2.6,2.4,2.4,2.3,2.3,2.3,2.4,2.4,2.4,2.6,2.7,2.8,2.8,2.8,2.9,3.0,3.0,3.0,2.9,2.9,3.1,3.1,3.1,3.1,3.1,2.9,2.7,2.2,2.1,2.5,2.2,2.2,2.4,2.4,2.4,2.5,2.6,2.7,2.8,3.0,3.2,3.4
17660,"Coeur d'Alene, ID",17660,3.3,3.6,3.4,3.3,3.1,3.1,3.0,2.8,2.6,2.5,2.4,2.5,2.7,2.9,3.1,3.2,3.2,3.1,3.2,3.1,3.2,3.3,3.4,3.5,4.0,5.1,5.8,5.5,5.0,4.9,4.7,4.4,4.0,4.0,4.0,4.2,4.4,4.8,5.3,5.5,5.8,7.3,8.7
17980,"Columbus, GA-AL",17980,2.9,3.0,2.9,2.9,2.8,2.8,2.8,2.8,2.7,2.6,2.7,2.7,2.8,2.8,2.8,2.8,2.8,2.7,2.6,2.7,2.7,2.9,3.0,3.1,3.3,3.5,3.6,3.6,3.6,3.7,3.4,3.2,3.1,3.1,3.4,3.6,3.8,3.7,3.5,3.6,3.7,3.9,4.7
17860,"Columbia, MO",17860,3.5,3.4,3.2,3.1,3.1,3.1,3.1,3.1,3.0,2.9,2.8,2.8,2.7,2.7,2.9,3.0,3.0,2.9,2.9,2.9,2.9,3.0,3.1,3.1,3.3,3.5,3.5,3.3,3.2,3.3,3.3,3.4,3.3,3.2,3.2,3.3,3.3,3.3,3.4,3.5,3.7,4.1,4.6
18020,"Columbus, IN",18020,2.3,2.4,2.2,2.0,1.9,1.8,1.9,1.9,1.9,1.9,2.0,2.0,2.1,2.1,2.2,2.3,2.4,2.4,2.4,2.4,2.4,2.4,2.4,2.4,2.4,2.4,2.4,2.3,2.3,2.4,2.4,2.4,2.3,2.3,2.3,2.4,2.3,2.3,2.2,2.2,2.3,2.5,2.9
17820,"Colorado Springs, CO",17820,3.4,3.2,3.4,3.2,3.1,3.0,3.1,2.9,2.8,2.7,2.6,2.6,2.6,2.7,2.9,3.0,3.2,3.1,3.1,3.1,3.2,3.4,3.5,3.6,3.7,4.0,4.1,3.9,3.6,3.4,3.6,3.5,3.6,3.8,3.7,3.9,4.0,4.3,4.5,4.5,4.8,5.4,5.6
18580,"Corpus Christi, TX",18580,3.4,3.1,3.4,3.4,3.2,3.2,3.3,3.1,2.8,2.6,2.4,2.4,2.4,2.4,2.5,2.5,2.5,2.5,2.5,2.4,2.4,2.5,2.6,2.8,3.0,3.3,3.4,3.3,3.2,3.1,3.1,3.0,3.0,3.0,3.4,3.5,3.6,3.5,3.6,3.6,3.9,4.2,4.4
17900,"Columbia, SC",17900,2.9,2.9,2.8,2.7,2.6,2.6,2.6,2.5,2.5,2.5,2.5,2.6,2.7,2.7,2.6,2.7,2.6,2.6,2.7,2.7,2.7,2.7,2.9,2.9,2.9,3.1,3.1,3.1,3.0,2.9,3.1,3.0,3.0,3.0,3.0,3.0,3.1,3.0,3.1,3.3,3.5,4.0,4.7
18140,"Columbus, OH",18140,2.7,2.7,2.7,2.5,2.5,2.4,2.4,2.4,2.5,2.6,2.6,2.6,2.8,2.7,2.7,2.7,2.8,2.9,2.9,2.8,2.8,2.9,3.0,3.0,3.0,3.1,2.9,2.8,2.6,2.5,2.6,2.4,2.5,2.6,2.7,2.8,2.9,3.0,3.1,3.2,3.5,3.8,4.1
18700,"Corvallis, OR",18700,3.8,3.4,3.2,3.1,2.9,2.7,2.6,2.5,2.4,2.5,2.7,2.9,3.2,3.5,3.8,3.9,3.9,3.9,3.9,3.9,4.0,4.2,4.4,4.4,4.7,5.1,5.6,5.8,5.8,5.7,5.6,5.2,5.2,5.3,5.5,5.7,6.0,6.1,6.0,6.2,6.4,7.6,9.1
16060,"Carbondale-Marion, IL",16060,2.7,2.6,2.3,2.2,2.1,2.1,2.1,2.2,2.3,2.3,2.2,2.2,2.3,2.3,2.3,2.3,2.3,2.3,2.3,2.2,2.3,2.4,2.4,2.3,2.4,2.5,2.5,2.4,2.3,2.3,2.2,2.2,2.2,2.1,2.2,2.3,2.4,2.5,2.6,2.5,2.5,2.7,3.1
18880,"Crestview-Fort Walton Beach-Destin, FL",18880,4.3,4.0,4.0,3.9,3.7,3.6,3.5,3.4,3.4,3.3,3.3,3.2,3.3,3.4,3.4,3.4,3.4,3.4,3.3,3.3,3.3,3.4,3.5,3.7,4.3,5.5,5.7,5.2,4.6,4.3,4.1,3.9,3.6,3.6,3.4,4.3,4.4,4.4,4.5,4.4,5.1,5.7,6.2
17780,"College Station-Bryan, TX",17780,4.3,4.3,4.4,4.3,4.3,4.3,4.3,4.0,3.6,3.4,3.3,3.4,3.5,3.5,3.6,3.5,3.5,3.3,3.3,3.3,3.3,3.5,3.6,3.7,3.8,3.8,3.7,3.7,3.9,4.1,4.1,3.9,3.8,3.7,3.8,4.0,4.1,4.3,4.2,4.1,4.3,5.1,6.0
19060,"Cumberland, MD-WV",19060,2.1,2.2,2.2,2.1,2.1,2.2,2.3,2.4,2.6,2.7,2.7,2.7,2.8,2.7,2.6,2.5,2.5,2.3,2.3,2.3,2.3,2.1,2.1,2.2,2.2,2.6,2.8,2.9,2.6,3.1,2.8,2.5,2.7,2.8,2.4,2.0,2.1,2.0,2.2,2.2,2.3,2.6,2.6
19140,"Dalton, GA",19140,2.7,2.9,2.9,2.8,2.7,2.6,2.6,2.5,2.5,2.5,2.5,2.5,2.4,2.3,2.3,2.3,2.5,2.4,2.5,2.5,2.6,2.8,3.0,3.1,3.3,3.5,3.7,3.7,3.6,3.4,3.3,3.2,3.1,3.0,2.9,2.9,3.0,3.2,3.2,3.0,3.1,3.5,4.2
19180,"Danville, IL",19180,2.1,2.1,1.9,1.8,1.7,1.6,1.6,1.6,1.7,1.7,1.7,1.6,1.6,1.6,1.6,1.6,1.6,1.6,1.6,1.6,1.6,1.7,1.8,1.8,1.8,1.8,1.8,1.8,1.8,1.7,1.7,1.5,1.5,1.5,1.6,1.7,1.7,1.7,1.8,1.8,1.8,2.0,2.2
19100,"Dallas-Fort Worth-Arlington, TX",19100,3.8,3.7,3.6,3.5,3.5,3.4,3.5,3.3,3.0,2.8,2.7,2.6,2.6,2.6,2.6,2.5,2.6,2.6,2.4,2.4,2.5,2.6,2.7,2.8,2.8,2.9,2.8,2.7,2.6,2.5,2.6,2.6,2.8,3.0,3.2,3.3,3.5,3.7,3.7,3.7,3.9,4.4,5.0
19300,"Daphne-Fairhope-Foley, AL",19300,3.6,3.4,3.2,3.1,3.1,3.0,3.0,3.0,3.0,2.8,2.8,2.9,3.0,3.1,3.2,3.3,3.3,3.4,3.4,3.3,3.4,3.5,3.6,3.7,3.8,4.4,4.8,4.6,4.4,4.2,4.1,3.8,3.7,3.6,3.6,3.6,3.5,3.6,3.7,3.7,3.7,4.5,5.4
19340,"Davenport-Moline-Rock Island, IA-IL",19340,2.2,2.2,2.1,2.2,2.1,1.9,1.8,1.7,1.6,1.6,1.7,1.7,1.8,1.9,1.9,2.0,2.0,1.9,2.0,2.0,2.1,2.1,2.3,2.4,2.5,2.6,2.5,2.3,1.9,2.2,2.3,2.2,2.3,2.2,2.2,2.3,2.3,2.3,2.3,2.3,2.3,2.5,2.6
19380,"Dayton, OH",19380,2.3,2.3,2.1,2.2,2.1,2.0,2.0,2.1,2.2,2.2,2.3,2.4,2.5,2.4,2.4,2.4,2.5,2.4,2.5,2.5,2.4,2.5,2.6,2.6,2.6,2.6,2.6,2.4,2.2,2.2,2.3,2.1,2.2,2.3,2.4,2.4,2.5,2.6,2.7,2.8,3.0,3.2,3.5
19500,"Decatur, IL",19500,1.8,1.8,1.7,1.7,1.6,1.6,1.6,1.6,1.7,1.7,1.7,1.8,1.8,1.9,1.9,1.9,1.9,1.9,1.8,1.8,1.8,1.9,2.0,2.0,2.0,2.1,2.1,1.9,2.0,2.0,2.0,2.0,1.9,1.8,1.9,1.9,1.9,1.9,1.8,1.8,1.9,2.4,2.7
19660,"Deltona-Daytona Beach-Ormond Beach, FL",19660,3.0,2.7,2.8,2.8,2.8,2.7,2.6,2.5,2.5,2.5,2.4,2.5,2.4,2.4,2.3,2.2,2.3,2.2,2.3,2.3,2.3,2.5,2.7,3.2,3.8,4.6,4.7,4.2,3.6,2.8,2.7,2.5,2.7,3.1,3.2,3.4,3.8,3.9,4.1,4.1,4.3,4.9,5.9
19740,"Denver-Aurora-Lakewood, CO",19740,3.2,3.1,3.2,3.2,3.1,3.0,3.0,2.8,2.7,2.6,2.5,2.5,2.6,2.8,3.0,3.1,3.1,3.1,3.2,3.3,3.7,4.0,4.2,4.4,4.4,4.5,4.4,4.2,3.7,3.7,3.9,3.9,4.1,4.4,4.6,5.1,5.3,5.4,5.6,5.5,5.7,6.6,7.1
19780,"Des Moines-West Des Moines, IA",19780,2.3,2.2,2.1,2.2,2.1,2.1,2.1,2.0,1.9,1.9,1.9,2.0,2.1,2.2,2.2,2.2,2.3,2.4,2.4,2.4,2.4,2.6,2.7,2.6,2.7,2.7,2.7,2.7,2.7,2.6,2.6,2.6,2.6,2.8,2.7,2.8,2.8,2.8,2.9,3.0,3.1,3.4,3.5
19820,"Detroit-Warren-Dearborn, MI",19820,2.1,2.2,2.0,1.9,1.7,1.7,1.7,1.9,2.0,2.0,2.1,2.2,2.3,2.3,2.3,2.3,2.5,2.6,2.6,2.7,2.9,3.0,3.3,3.4,3.6,3.6,3.6,3.3,3.0,2.5,2.2,2.1,2.0,2.1,2.4,2.7,2.8,2.9,3.0,3.0,3.1,3.3,3.8
19460,"Decatur, AL",19460,2.9,2.8,2.6,2.6,2.6,2.5,2.5,2.5,2.5,2.3,2.2,2.2,2.2,2.3,2.3,2.3,2.3,2.3,2.3,2.3,2.3,2.4,2.4,2.4,2.4,2.5,2.5,2.5,2.6,2.6,2.7,2.6,2.6,2.7,2.7,2.7,2.8,2.7,2.9,2.9,3.2,3.6,4.1
20020,"Dothan, AL",20020,3.0,2.8,2.7,2.7,2.7,2.6,2.5,2.5,2.4,2.3,2.2,2.2,2.3,2.4,2.4,2.5,2.5,2.6,2.6,2.6,2.6,2.7,2.7,2.8,2.8,3.0,3.2,3.2,3.2,3.1,3.0,3.0,2.9,2.9,2.9,3.0,2.9,3.0,3.0,3.0,3.0,3.5,4.1
20100,"Dover, DE",20100,2.3,2.2,2.1,2.1,2.1,2.1,2.2,2.4,2.4,2.5,2.6,2.6,2.5,2.5,2.4,2.3,2.3,2.3,2.3,2.2,2.2,2.3,2.6,2.8,3.2,3.7,4.2,4.0,3.9,3.6,3.7,3.2,3.3,3.3,3.3,3.4,3.5,3.6,3.5,3.7,3.9,4.4,4.6
20220,"Dubuque, IA",20220,2.6,2.5,2.5,2.5,2.4,2.3,2.2,2.1,2.0,1.9,1.9,2.0,2.0,2.1,2.2,2.3,2.3,2.3,2.3,2.3,2.4,2.5,2.5,2.6,2.6,2.7,2.7,2.6,2.6,2.6,2.6,2.6,2.6,2.6,2.6,2.6,2.6,2.6,2.6,2.6,2.5,2.4,2.7
20260,"Duluth, MN-WI",20260,2.2,2.1,2.2,2.3,2.2,2.1,2.1,2.0,1.9,1.8,1.8,1.8,1.9,2.0,1.9,1.9,1.9,1.9,1.9,1.9,2.1,2.3,2.5,2.7,3.0,3.1,3.3,3.2,3.2,3.0,2.9,2.8,2.7,2.6,2.7,2.7,2.8,2.8,2.8,2.8,2.8,2.9,3.2
20500,"Durham-Chapel Hill, NC",20500,3.2,3.3,3.3,3.2,3.1,3.1,3.2,3.3,3.3,3.1,3.1,3.1,3.1,3.1,3.1,3.2,3.1,3.2,3.2,3.1,3.2,3.3,3.5,3.6,3.8,4.1,4.2,4.2,4.0,4.0,4.0,3.7,3.6,3.7,3.7,4.1,4.1,4.2,4.5,4.5,4.8,5.5,6.1
20700,"East Stroudsburg, PA",20700,2.7,2.7,2.7,2.7,2.7,2.7,2.7,3.0,3.2,3.4,3.5,3.5,3.6,3.5,3.3,3.2,3.0,2.9,2.8,2.6,2.6,2.6,2.8,3.0,3.3,3.6,3.9,3.9,3.6,3.5,3.4,3.2,2.9,2.8,2.7,2.6,2.6,2.5,2.5,2.5,2.5,2.7,3.0
20740,"Eau Claire, WI",20740,2.6,2.4,2.2,2.3,2.2,2.1,2.1,2.0,2.0,2.0,2.0,2.0,2.0,2.1,2.2,2.2,2.3,2.3,2.2,2.3,2.4,2.4,2.6,2.7,2.8,2.9,2.9,2.8,2.9,2.9,2.9,2.8,2.8,2.8,2.8,2.8,2.8,2.8,2.7,2.6,2.7,3.2,3.8
20940,"El Centro, CA",20940,3.0,3.1,2.9,2.8,2.7,2.7,2.6,2.6,2.7,3.0,3.2,3.2,3.4,3.4,3.4,3.4,3.3,3.2,3.1,3.0,3.0,3.2,3.6,3.9,4.6,6.1,7.2,7.0,5.3,4.3,4.0,3.7,3.7,3.9,4.2,4.4,4.5,4.6,4.7,4.7,4.9,5.3,5.7
21060,"Elizabethtown-Fort Knox, KY",21060,3.4,3.2,2.9,2.8,2.7,2.7,2.6,2.6,2.7,2.6,2.4,2.4,2.4,2.4,2.5,2.5,2.5,2.5,2.5,2.5,2.6,2.6,2.7,2.8,2.9,3.0,3.0,3.0,3.0,3.0,3.1,3.0,3.0,2.9,3.0,3.0,3.1,3.2,3.3,3.3,3.3,3.6,4.2
21140,"Elkhart-Goshen, IN",21140,2.4,2.5,2.3,2.1,2.0,2.0,2.0,2.0,2.0,2.1,2.1,2.2,2.2,2.1,2.1,2.1,2.2,2.2,2.2,2.2,2.2,2.3,2.3,2.3,2.4,2.4,2.4,2.4,2.4,2.5,2.6,2.5,2.5,2.3,2.3,2.3,2.3,2.3,2.4,2.4,2.5,2.9,3.6
21300,"Elmira, NY",21300,1.2,1.3,1.4,1.4,1.6,1.7,1.9,2.1,2.1,2.0,2.0,1.9,1.9,1.9,1.8,1.8,1.7,1.7,1.7,1.7,1.9,1.9,1.8,2.1,2.1,2.0,2.2,1.9,2.0,1.9,2.2,2.2,2.3,2.3,2.1,2.1,2.3,2.1,2.0,2.0,2.1,2.4,2.4
21340,"El Paso, TX",21340,2.7,2.8,3.1,3.1,3.1,3.1,3.1,2.9,2.7,2.8,2.7,2.7,2.7,2.8,2.8,2.7,2.8,2.6,2.6,2.5,2.5,2.6,2.7,2.7,2.8,3.2,3.6,3.6,3.6,3.5,3.5,3.4,3.4,3.5,3.4,3.4,3.4,3.5,3.4,3.5,3.6,4.0,4.5
21420,"Enid, OK",21420,2.8,2.7,2.8,2.9,2.7,2.6,2.5,2.2,2.0,1.8,1.8,1.8,1.8,1.9,2.0,2.0,2.1,2.0,2.1,2.1,2.0,2.1,2.1,2.2,2.2,2.1,2.2,2.2,2.3,2.4,2.4,2.3,2.1,2.1,2.2,2.2,2.3,2.2,2.1,2.0,2.0,2.1,2.2
21500,"Erie, PA",21500,2.2,2.1,2.1,2.0,2.0,1.9,2.0,2.1,2.2,2.2,2.2,2.3,2.3,2.4,2.4,2.5,2.5,2.5,2.5,2.4,2.4,2.5,2.4,2.4,2.5,2.5,2.5,2.3,2.3,2.2,2.5,2.5,2.5,2.5,2.6,2.5,2.3,2.3,2.3,2.4,2.5,2.6,2.7
21660,"Eugene, OR",21660,2.9,2.8,2.6,2.5,2.3,2.3,2.2,2.2,2.2,2.3,2.6,2.7,2.9,2.9,3.2,3.4,3.6,3.5,3.5,3.5,3.5,3.6,3.8,4.0,4.3,5.0,5.5,5.5,5.2,4.9,4.8,4.5,4.4,4.5,4.6,4.7,4.9,5.2,5.4,5.5,5.9,6.7,7.4
21780,"Evansville, IN-KY",21780,2.4,2.3,2.2,2.1,2.1,2.1,2.1,2.1,2.1,2.1,2.0,2.1,2.1,2.1,2.2,2.1,2.2,2.1,2.1,2.2,2.2,2.3,2.4,2.4,2.5,2.5,2.5,2.5,2.5,2.5,2.5,2.5,2.5,2.5,2.5,2.5,2.5,2.5,2.5,2.6,2.6,2.8,3.3
22180,"Fayetteville, NC",22180,3.7,3.5,3.3,3.2,3.2,3.3,3.3,3.3,3.3,3.3,3.3,3.2,3.1,3.0,3.1,3.1,3.1,3.1,3.1,3.0,3.0,3.1,3.2,3.2,3.2,3.3,3.5,3.5,3.6,3.6,3.7,3.6,3.5,3.4,3.4,3.3,2.9,2.9,2.9,3.0,3.2,3.6,4.0
21820,"Fairbanks, AK",21820,2.5,2.6,2.9,2.9,3.0,2.8,2.9,2.5,2.6,2.2,2.3,2.3,2.4,2.5,2.6,2.6,2.6,2.7,2.7,2.6,2.6,2.6,2.8,2.9,3.1,3.3,3.4,3.4,3.3,3.4,3.5,3.5,3.4,3.5,3.3,3.3,3.3,3.4,3.5,3.5,3.6,4.2,4.5
22140,"Farmington, NM",22140,2.5,2.5,2.8,2.9,2.9,2.9,3.1,3.1,2.9,2.6,2.4,2.3,2.4,2.4,2.5,2.6,2.7,2.7,2.8,2.8,2.8,3.1,3.3,3.4,3.6,3.9,4.2,4.3,4.1,4.0,3.9,3.8,3.8,3.7,3.8,3.4,3.5,3.6,3.9,4.1,4.2,4.5,5.0
22020,"Fargo, ND-MN",22020,3.3,3.6,2.7,3.1,3.3,3.0,2.9,2.8,2.5,2.4,2.3,2.4,2.4,2.5,2.5,2.6,2.5,2.5,2.5,2.5,2.5,2.5,2.6,2.7,2.9,3.0,3.0,3.1,3.1,2.9,3.0,2.9,2.9,3.1,3.2,3.3,3.4,3.3,3.4,3.4,3.6,3.8,4.1
22220,"Fayetteville-Springdale-Rogers, AR-MO",22220,4.0,4.0,3.9,3.9,3.6,3.7,3.6,3.4,3.2,3.1,3.1,3.0,3.1,3.1,3.2,3.3,3.3,3.2,3.1,3.0,3.0,3.1,3.1,3.1,3.3,3.5,3.4,3.4,3.3,2.9,2.8,2.5,2.8,2.9,2.9,3.0,3.1,3.2,3.3,3.3,3.4,3.9,4.7
22380,"Flagstaff, AZ",22380,3.2,3.2,3.1,3.3,3.3,3.3,3.3,3.3,3.2,3.2,3.1,3.1,3.1,3.2,3.3,3.6,3.7,3.7,3.7,3.6,3.6,3.8,4.0,4.3,4.8,5.7,6.5,6.4,5.9,5.5,5.1,4.8,4.5,4.7,4.9,5.1,5.2,5.3,5.6,5.7,6.0,6.7,7.9
22420,"Flint, MI",22420,1.7,1.8,1.6,1.5,1.4,1.3,1.4,1.5,1.6,1.6,1.7,1.7,1.8,1.7,1.7,1.8,1.9,2.0,2.1,2.2,2.3,2.4,2.6,2.7,2.8,2.9,2.8,2.6,2.4,2.3,2.1,1.9,1.8,1.9,2.1,2.2,2.2,2.3,2.3,2.4,2.5,2.8,3.2
22500,"Florence, SC",22500,2.6,2.7,2.7,2.6,2.5,2.5,2.5,2.5,2.4,2.4,2.3,2.3,2.4,2.4,2.4,2.4,2.4,2.4,2.4,2.5,2.4,2.6,2.7,2.7,2.8,2.8,2.8,2.8,3.0,2.9,2.9,3.0,3.3,3.2,3.1,3.3,3.4,3.3,3.3,3.2,3.5,3.7,4.1
22520,"Florence-Muscle Shoals, AL",22520,3.1,3.0,2.8,2.8,2.9,2.8,2.8,2.8,2.7,2.5,2.4,2.3,2.3,2.4,2.4,2.5,2.4,2.5,2.5,2.6,2.7,2.9,2.9,2.9,2.9,2.9,3.0,3.0,3.1,3.1,3.1,2.9,2.8,2.7,2.8,2.9,3.0,3.0,3.1,3.2,3.2,3.6,4.3
22540,"Fond du Lac, WI",22540,1.9,1.8,1.7,1.8,1.7,1.7,1.7,1.7,1.6,1.6,1.6,1.6,1.6,1.6,1.6,1.7,1.8,1.8,1.8,1.8,1.8,1.8,1.9,1.9,2.0,2.1,2.1,2.1,2.1,2.0,2.0,1.9,1.9,2.2,2.2,2.1,2.1,2.2,2.3,2.2,2.3,2.6,2.7
22660,"Fort Collins, CO",22660,4.1,3.9,3.7,3.9,3.8,3.8,3.7,3.6,3.4,3.2,3.2,3.2,3.2,3.4,3.8,3.8,3.9,3.8,3.8,3.9,4.1,4.3,4.6,4.7,4.9,4.9,5.0,4.8,4.7,4.6,4.5,4.5,4.5,4.7,4.8,5.1,5.3,5.5,5.6,5.5,5.7,6.6,7.7
22900,"Fort Smith, AR-OK",22900,2.9,2.8,2.6,2.8,2.6,2.6,2.6,2.5,2.3,2.3,2.2,2.2,2.3,2.3,2.3,2.4,2.4,2.4,2.4,2.4,2.4,2.5,2.5,2.6,2.7,2.7,2.8,2.8,2.8,2.9,2.9,2.9,2.9,2.8,2.8,2.9,2.9,2.9,2.9,2.9,2.9,3.3,3.9
23060,"Fort Wayne, IN",23060,2.6,2.6,2.4,2.3,2.2,2.2,2.2,2.2,2.1,2.1,2.0,2.1,2.1,2.0,2.0,2.1,2.1,2.1,2.1,2.1,2.1,2.1,2.2,2.2,2.2,2.3,2.2,2.0,1.9,2.0,2.1,1.9,2.2,2.2,2.2,2.3,2.4,2.5,2.6,2.7,2.8,3.0,3.4
23420,"Fresno, CA",23420,3.7,3.8,3.6,3.4,3.3,3.2,3.2,3.1,3.0,2.9,3.0,3.1,3.2,3.2,3.1,3.0,2.9,2.8,2.8,2.7,2.7,3.2,3.7,4.5,5.6,6.7,6.4,5.9,4.3,3.1,3.3,3.1,3.4,4.1,4.4,4.7,4.8,4.9,5.0,4.9,5.1,5.8,6.2
23460,"Gadsden, AL",23460,2.8,2.7,2.6,2.5,2.5,2.4,2.4,2.3,2.3,2.2,2.2,2.2,2.3,2.3,2.2,2.3,2.3,2.4,2.5,2.5,2.5,2.7,2.8,2.8,2.8,3.0,3.0,3.0,2.9,2.9,2.8,2.9,2.8,2.7,2.6,2.6,2.6,2.5,2.6,2.6,2.7,3.1,3.7
23580,"Gainesville, GA",23580,3.1,3.2,3.2,3.1,3.1,3.0,3.0,3.0,2.9,2.9,2.9,2.9,2.8,2.8,2.7,2.7,2.8,2.8,2.9,2.9,3.0,3.2,3.4,3.5,3.6,3.8,3.9,4.0,3.9,3.9,3.7,3.4,3.3,3.2,3.3,3.3,3.3,3.4,3.5,3.6,3.7,4.4,5.6
23540,"Gainesville, FL",23540,3.2,3.3,3.4,3.3,3.3,3.2,3.2,3.2,3.2,3.3,3.5,3.4,3.5,3.6,3.6,3.6,3.7,3.7,3.7,3.7,3.8,4.0,4.4,4.7,5.1,5.5,6.2,5.8,5.2,4.5,4.6,4.0,4.0,4.0,4.0,3.9,4.2,4.4,4.5,4.5,4.6,5.1,5.5
23900,"Gettysburg, PA",23900,2.4,2.3,2.3,2.2,2.1,2.1,2.2,2.4,2.5,2.5,2.5,2.5,2.6,2.5,2.5,2.5,2.5,2.5,2.5,2.4,2.5,2.6,2.7,2.7,3.1,3.5,3.9,3.8,3.8,3.6,3.6,3.5,3.4,3.2,3.1,3.1,3.1,3.1,3.1,3.1,3.1,3.3,3.7
24020,"Glens Falls, NY",24020,2.1,2.1,2.2,2.1,2.3,2.5,2.8,3.0,3.0,2.8,2.8,2.7,2.6,2.5,2.4,2.3,2.2,2.1,2.1,2.1,2.1,2.2,2.5,2.7,2.9,3.4,3.5,3.6,3.4,3.1,2.9,3.0,3.0,3.0,3.1,3.1,3.1,2.9,2.8,3.0,3.2,3.5,3.6
24140,"Goldsboro, NC",24140,3.6,3.4,3.3,3.1,3.1,3.1,3.1,3.0,2.9,2.8,2.8,2.8,2.9,2.8,2.8,2.9,2.9,2.9,2.9,2.8,2.9,3.0,3.0,3.0,3.0,3.0,3.0,3.0,2.9,2.9,2.9,2.8,2.8,2.9,2.8,2.8,2.7,2.6,2.7,2.6,2.5,3.0,3.7
24340,"Grand Rapids-Wyoming, MI",24340,1.9,2.0,2.0,1.9,1.8,1.8,1.8,1.8,1.8,2.0,2.1,2.1,2.1,2.1,2.0,2.0,2.1,2.2,2.2,2.3,2.4,2.5,2.6,2.7,2.7,2.8,2.7,2.6,2.0,1.7,1.9,2.0,2.2,2.4,2.5,2.6,2.7,2.9,3.1,3.2,3.3,3.7,4.2
24580,"Green Bay, WI",24580,2.6,2.4,2.1,2.3,2.2,2.1,2.0,2.0,2.0,2.0,2.1,2.0,2.2,2.3,2.4,2.3,2.4,2.5,2.5,2.4,2.5,2.6,2.7,2.8,2.9,3.2,3.1,3.0,2.8,2.7,2.6,2.6,2.6,2.6,2.7,2.6,2.6,2.7,2.8,2.9,3.1,3.5,3.8
24260,"Grand Island, NE",24260,2.6,2.5,2.4,2.4,2.2,2.1,2.2,2.0,1.9,1.9,1.8,1.7,1.7,1.8,1.9,1.9,2.0,2.1,2.1,2.1,2.2,2.3,2.3,2.2,2.2,2.2,2.2,2.2,2.1,2.2,2.1,2.1,2.1,2.1,2.1,2.2,2.2,2.3,2.6,2.6,2.7,2.8,3.1
24500,"Great Falls, MT",24500,2.7,2.6,2.7,2.6,2.9,2.8,2.8,2.6,2.6,2.5,2.5,2.4,2.4,2.6,2.7,2.8,2.8,2.8,2.8,2.7,2.8,2.9,3.0,3.1,3.2,3.4,3.5,3.7,3.8,3.9,3.9,3.9,4.0,4.1,4.0,4.1,4.1,4.1,4.1,4.1,4.1,4.4,5.1
24220,"Grand Forks, ND-MN",24220,3.2,3.4,2.6,2.9,3.2,3.0,2.9,2.7,2.5,2.5,2.4,2.4,2.4,2.5,2.6,2.6,2.6,2.5,2.5,2.5,2.4,2.5,2.5,2.6,2.6,2.8,2.8,2.8,2.8,2.8,2.9,2.9,3.1,3.2,3.0,3.3,3.3,3.4,3.4,3.4,3.3,3.3,3.5
24300,"Grand Junction, CO",24300,3.1,3.0,3.5,3.4,2.9,2.6,2.5,2.5,2.5,2.5,2.6,2.6,2.5,2.7,2.9,3.0,3.1,3.1,3.1,3.2,3.3,3.5,3.8,3.9,4.2,4.5,4.7,4.8,4.7,4.8,4.7,4.3,4.2,4.3,4.3,4.5,4.6,4.9,5.0,5.0,5.0,5.7,6.5
24540,"Greeley, CO",24540,3.2,3.2,3.4,3.4,3.2,3.1,3.1,3.0,2.8,2.7,2.5,2.5,2.5,2.6,2.8,2.9,3.0,3.0,3.1,3.1,3.2,3.6,4.0,4.2,4.3,4.4,4.4,4.0,3.9,3.7,3.5,3.7,3.6,3.5,3.5,3.8,4.2,4.5,4.7,4.8,4.8,5.1,5.7
24660,"Greensboro-High Point, NC",24660,3.3,3.3,3.3,3.1,3.1,3.2,3.2,3.2,3.1,3.1,3.0,2.9,2.9,2.9,2.9,2.9,3.1,3.1,3.2,3.1,3.1,3.3,3.4,3.4,3.5,3.6,3.6,3.5,3.4,3.1,3.1,3.0,2.9,3.1,3.1,3.4,3.2,3.2,3.2,3.4,3.6,3.9,4.6
24420,"Grants Pass, OR",24420,4.2,4.0,4.0,3.9,3.7,3.6,3.5,3.3,3.2,3.3,3.5,3.7,3.9,4.0,4.0,4.1,4.1,4.0,4.0,3.9,4.0,4.4,4.8,5.4,6.3,7.6,8.2,8.0,7.5,6.9,6.1,5.7,5.5,5.8,6.2,6.6,6.7,6.9,6.9,7.0,7.3,8.6,9.6
24860,"Greenville-Anderson-Mauldin, SC",24860,2.6,2.7,2.6,2.6,2.5,2.5,2.5,2.5,2.5,2.6,2.6,2.7,2.9,2.9,2.9,2.9,3.3,3.4,3.2,3.1,3.2,3.2,3.3,3.4,3.3,3.5,3.6,3.5,3.5,3.2,3.4,3.3,3.4,3.6,3.6,3.7,3.7,3.7,3.9,3.9,4.0,4.5,5.2
25060,"Gulfport-Biloxi-Pascagoula, MS",25060,3.6,3.1,3.0,3.1,3.1,3.2,3.1,2.9,2.7,2.5,2.4,2.3,2.3,2.3,2.4,2.4,2.5,2.5,2.5,2.5,2.5,2.6,2.7,2.8,2.9,3.2,3.5,3.5,3.1,3.0,2.8,2.4,2.3,2.5,2.6,2.8,2.8,2.8,2.9,3.1,3.4,3.5,3.8
24780,"Greenville, NC",24780,4.2,4.2,4.0,3.7,3.7,3.6,3.6,3.5,3.4,3.2,3.1,3.1,3.1,3.1,3.2,3.2,3.2,3.2,3.2,3.2,3.3,3.5,3.6,3.6,3.7,3.8,3.8,3.8,3.9,3.8,3.8,3.6,3.6,3.5,3.4,3.4,3.3,3.5,3.4,3.5,3.6,4.6,5.9
25260,"Hanford-Corcoran, CA",25260,2.5,2.6,2.5,2.4,2.3,2.4,2.5,2.6,2.9,3.1,2.9,2.9,2.8,2.6,2.5,2.3,2.2,2.2,2.4,2.5,2.7,2.9,3.5,3.9,4.5,5.0,5.6,5.0,4.2,3.5,3.6,2.9,3.0,3.5,3.8,3.9,4.0,4.0,4.1,4.2,4.4,5.0,5.2
25420,"Harrisburg-Carlisle, PA",25420,2.6,2.6,2.8,2.5,2.4,2.4,2.4,2.4,2.4,2.4,2.4,2.4,2.4,2.4,2.5,2.4,2.4,2.4,2.4,2.3,2.3,2.4,2.5,2.5,2.6,2.7,2.8,2.9,2.9,2.8,2.8,2.7,2.7,2.6,2.6,2.7,2.6,2.6,2.6,2.7,2.8,2.9,3.1
25500,"Harrisonburg, VA",25500,4.2,4.0,3.7,3.6,3.5,3.3,3.1,3.1,3.3,3.3,3.3,3.3,3.4,3.4,3.4,3.4,3.5,3.5,3.5,3.4,3.4,3.4,3.5,3.6,3.8,4.4,4.7,4.7,4.6,4.6,4.3,4.2,4.0,4.0,4.1,4.1,4.1,4.1,4.0,4.0,3.9,4.2,4.8
25540,"Hartford-West Hartford-East Hartford, CT",25540,3.4,3.4,3.2,3.2,3.2,3.3,3.5,4.1,4.4,4.1,3.8,3.6,3.4,3.2,3.2,3.1,3.1,3.0,2.9,2.9,3.0,3.1,3.3,3.7,3.9,4.2,4.1,4.1,3.7,3.5,3.7,3.5,3.4,3.3,3.2,3.1,3.2,3.1,3.1,3.1,3.3,3.6,3.8
25180,"Hagerstown-Martinsburg, MD-WV",25180,2.4,2.5,2.5,2.4,2.4,2.3,2.4,2.6,2.7,2.9,2.9,2.9,3.0,3.0,2.9,2.8,2.8,2.7,2.7,2.7,2.6,2.7,2.9,3.2,3.6,4.4,4.4,4.0,3.6,3.1,2.8,2.5,2.5,2.7,2.7,2.7,2.8,2.8,3.0,3.0,3.3,3.6,3.8
25620,"Hattiesburg, MS",25620,3.6,3.3,3.3,3.4,3.4,3.5,3.4,3.2,3.0,2.8,2.7,2.7,2.7,2.6,2.6,2.6,2.6,2.6,2.7,2.7,2.7,2.9,3.0,3.2,3.3,3.4,3.7,3.8,3.7,3.6,3.6,3.6,3.6,3.5,3.4,3.4,3.4,3.4,3.6,3.7,3.6,3.8,4.3
25860,"Hickory-Lenoir-Morganton, NC",25860,2.9,2.9,2.7,2.6,2.6,2.6,2.5,2.5,2.4,2.4,2.4,2.4,2.4,2.4,2.4,2.5,2.5,2.6,2.7,2.7,2.8,2.9,3.1,3.2,3.3,3.4,3.5,3.6,3.7,3.7,3.4,3.3,3.2,3.3,3.2,3.2,3.1,3.1,3.0,3.2,3.3,3.7,4.4
25980,"Hinesville, GA",25980,3.7,3.6,3.5,3.3,3.3,3.2,3.2,3.1,3.1,3.2,3.2,3.0,2.7,2.6,2.6,2.5,2.5,2.5,2.6,2.6,2.6,2.6,2.8,2.8,2.9,3.2,3.4,3.6,3.6,3.8,3.5,3.3,3.2,3.3,3.5,3.3,3.1,3.2,3.1,3.1,3.3,3.9,4.8
25940,"Hilton Head Island-Bluffton-Beaufort, SC",25940,3.9,4.0,4.0,3.9,3.7,3.7,3.7,3.8,3.9,4.0,4.0,4.0,4.1,4.2,4.2,4.3,4.3,4.5,4.5,4.6,4.9,5.1,5.3,5.4,5.7,6.2,6.8,6.7,6.2,5.9,5.5,5.3,5.1,5.0,5.0,4.9,4.9,4.9,5.1,4.9,5.0,6.0,7.8
25220,"Hammond, LA",25220,3.9,4.0,4.2,4.2,4.2,4.0,4.1,3.9,3.7,3.5,3.3,3.1,3.0,3.0,3.0,3.1,3.1,3.1,3.2,3.2,3.2,3.4,3.5,3.6,3.6,3.8,4.4,4.5,4.3,4.1,4.0,4.0,3.9,3.9,3.7,3.8,3.8,3.7,3.7,3.8,3.8,3.8,4.2
26380,"Houma-Thibodaux, LA",26380,3.0,2.9,3.0,3.2,3.3,3.3,3.4,3.3,3.0,2.8,2.7,2.7,2.7,2.7,2.7,2.6,2.6,2.5,2.5,2.5,2.5,2.6,2.7,2.7,2.8,2.9,3.0,3.0,3.0,2.9,2.8,2.8,2.7,2.8,2.9,3.2,3.2,3.3,3.4,3.4,3.3,3.1,3.2
26140,"Homosassa Springs, FL",26140,4.1,3.9,4.0,3.9,3.7,3.6,3.6,3.7,3.7,3.6,3.4,3.4,3.3,3.4,3.1,3.2,3.1,3.0,3.1,3.0,3.0,3.2,3.4,3.4,3.8,4.6,5.2,4.9,4.0,3.7,3.6,3.3,3.1,3.1,3.1,3.4,3.4,3.7,3.9,4.0,4.1,5.1,6.8
46520,"Urban Honolulu, HI",46520,5.5,4.8,5.4,5.4,5.3,5.3,5.2,5.3,5.8,6.6,8.1,7.4,7.3,7.4,7.5,7.2,6.9,6.3,5.9,5.6,5.4,5.4,6.0,6.6,7.6,9.1,9.3,9.0,8.6,8.2,8.8,8.3,8.6,8.7,8.9,8.9,9.1,9.1,9.4,9.2,9.5,11.1,12.1
26300,"Hot Springs, AR",26300,3.8,3.6,3.4,3.5,3.5,3.4,3.4,3.3,3.2,3.1,2.9,2.9,2.9,2.9,3.0,3.0,3.0,3.0,3.0,3.0,3.0,3.1,3.3,3.4,3.5,3.7,3.9,4.0,4.0,3.9,3.8,3.7,3.7,3.5,3.6,3.7,3.5,3.5,3.6,3.7,3.8,4.2,5.1
26420,"Houston-The Woodlands-Sugar Land, TX",26420,2.6,2.5,2.7,2.8,2.6,2.4,2.4,2.2,2.1,2.1,2.2,2.2,2.3,2.3,2.3,2.2,2.2,2.2,2.3,2.3,2.5,2.7,2.8,2.9,2.9,2.9,2.9,2.8,2.7,2.7,2.8,2.8,2.9,3.1,3.3,3.5,3.5,3.6,3.6,3.6,3.8,4.3,4.8
26620,"Huntsville, AL",26620,4.0,3.8,3.5,3.4,3.3,3.1,3.1,3.1,3.0,2.9,2.9,2.8,2.8,2.9,2.8,2.8,2.7,2.7,2.7,2.7,2.7,2.7,2.8,2.8,2.9,3.0,3.2,3.3,3.3,3.2,3.3,3.2,3.2,3.1,3.0,3.0,3.1,3.1,3.2,3.4,3.5,3.6,4.1
26580,"Huntington-Ashland, WV-KY-OH",26580,3.4,3.2,2.9,2.8,2.8,2.8,2.8,2.7,2.7,2.5,2.5,2.5,2.7,2.6,2.7,2.7,2.7,2.6,2.7,2.7,2.8,2.8,2.9,2.9,2.9,2.9,2.9,2.9,2.9,2.9,2.8,2.7,2.7,2.6,2.7,2.9,3.0,3.0,2.9,2.7,2.8,2.9,3.2
26820,"Idaho Falls, ID",26820,2.5,2.6,2.5,2.4,2.3,2.3,2.3,2.3,2.2,2.1,2.0,2.0,2.1,2.1,2.1,2.1,2.1,2.2,2.2,2.2,2.2,2.4,2.5,2.5,2.7,2.9,3.2,3.4,3.4,3.4,3.3,3.2,3.2,3.2,3.2,3.2,3.3,3.5,3.8,3.9,4.1,5.0,6.0
26900,"Indianapolis-Carmel-Anderson, IN",26900,2.4,2.5,2.4,2.3,2.3,2.2,2.2,2.2,2.2,2.3,2.3,2.4,2.4,2.4,2.4,2.5,2.5,2.5,2.5,2.4,2.4,2.4,2.4,2.4,2.4,2.5,2.3,2.3,2.1,2.2,2.5,2.4,2.5,2.6,2.7,2.8,2.8,2.9,3.1,3.1,3.3,3.7,4.2
26980,"Iowa City, IA",26980,3.5,3.3,3.1,3.1,3.0,3.0,2.9,2.8,2.6,2.6,2.6,2.7,2.7,2.8,3.0,3.1,3.1,3.1,3.1,3.0,3.1,3.2,3.3,3.3,3.4,3.5,3.3,3.1,3.1,3.2,3.1,3.0,3.1,3.0,3.2,3.1,3.3,3.2,3.3,3.2,3.2,3.5,3.9
27060,"Ithaca, NY",27060,2.8,2.7,2.7,2.5,2.7,2.9,3.2,3.5,3.6,3.4,3.3,3.2,3.3,3.3,3.1,2.9,2.9,2.9,2.7,2.6,2.6,2.8,2.8,3.0,3.1,3.3,3.3,3.2,3.3,3.2,3.1,3.0,3.1,3.1,3.0,3.1,3.2,3.4,3.5,3.4,3.4,3.7,4.0
27260,"Jacksonville, FL",27260,2.8,2.8,2.9,2.8,2.8,2.8,2.7,2.7,2.6,2.6,2.7,2.6,2.7,2.6,2.7,2.6,2.7,2.5,2.6,2.5,2.5,2.7,3.0,3.3,3.7,4.1,4.3,4.1,3.8,3.2,3.1,3.0,3.1,3.5,3.5,3.6,3.7,3.9,4.0,4.0,4.2,4.7,5.6
27100,"Jackson, MI",27100,1.8,1.9,1.7,1.6,1.5,1.5,1.5,1.6,1.6,1.7,1.7,1.8,1.8,1.8,1.8,1.9,2.0,2.1,2.1,2.1,2.2,2.3,2.5,2.6,2.7,2.8,2.7,2.7,2.5,2.4,2.2,2.2,2.1,2.2,2.2,2.3,2.4,2.5,2.4,2.4,2.5,2.7,3.2
27140,"Jackson, MS",27140,3.7,3.4,3.4,3.5,3.3,3.3,3.3,3.1,2.9,2.8,2.7,2.6,2.6,2.6,2.5,2.5,2.6,2.6,2.6,2.6,2.6,2.8,2.9,2.8,3.0,3.3,3.5,3.1,2.9,3.1,3.1,3.1,3.3,3.3,3.4,3.4,3.4,3.3,3.2,3.2,3.5,3.9,4.3
27500,"Janesville-Beloit, WI",27500,2.3,2.2,2.0,2.0,1.9,1.8,1.8,1.8,1.8,1.7,1.8,1.8,1.8,1.8,2.0,2.0,2.1,2.1,2.1,2.1,2.2,2.2,2.3,2.4,2.5,2.6,2.7,2.7,2.6,2.5,2.5,2.4,2.4,2.4,2.3,2.4,2.4,2.5,2.5,2.6,2.6,2.9,3.3
27340,"Jacksonville, NC",27340,3.4,3.2,2.9,2.8,2.8,2.9,2.9,3.0,3.0,3.1,3.1,3.0,2.9,2.7,2.7,2.7,2.7,2.8,2.8,2.8,2.8,2.9,2.9,3.0,3.0,3.2,3.4,3.5,3.5,3.5,3.5,3.4,3.3,3.4,3.5,3.5,3.5,3.5,3.5,3.7,3.8,4.2,4.9
27180,"Jackson, TN",27180,3.4,3.5,3.3,3.3,3.1,3.0,3.0,2.9,2.8,2.5,2.5,2.4,2.5,2.5,2.4,2.5,2.5,2.6,2.6,2.5,2.6,2.6,2.7,2.7,2.8,2.9,3.0,2.9,2.9,2.9,2.9,2.8,2.8,2.8,2.8,2.9,3.0,3.2,3.2,3.3,3.4,3.7,4.6
27620,"Jefferson City, MO",27620,2.4,2.2,2.1,2.2,2.1,2.1,2.2,2.2,2.2,2.0,1.9,1.9,2.0,1.9,2.1,2.1,2.1,2.2,2.1,2.1,2.2,2.2,2.3,2.3,2.4,2.5,2.5,2.4,2.3,2.2,2.3,2.4,2.5,2.5,2.5,2.6,2.6,2.6,2.6,2.6,2.6,2.9,3.4
27860,"Jonesboro, AR",27860,3.1,3.0,2.9,3.1,3.0,2.9,2.9,2.8,2.6,2.6,2.5,2.4,2.5,2.5,2.6,2.6,2.6,2.6,2.6,2.6,2.6,2.7,2.8,2.9,3.0,3.0,3.0,2.9,3.0,3.1,3.2,3.1,3.1,3.0,3.1,3.2,3.1,3.0,3.1,3.1,3.1,3.5,4.0
27780,"Johnstown, PA",27780,1.9,1.8,1.8,1.8,1.8,1.7,1.8,1.9,1.9,1.8,1.8,1.8,1.9,1.9,1.9,1.9,1.9,2.0,2.0,2.0,2.0,2.1,2.2,2.2,2.2,2.2,2.2,2.2,2.1,2.1,2.1,2.0,2.1,2.0,1.9,1.9,1.9,1.9,1.8,1.9,1.8,1.9,2.1
27740,"Johnson City, TN",27740,3.3,3.2,3.1,3.1,3.0,3.1,3.1,3.0,2.9,2.8,2.7,2.6,2.7,2.8,2.8,2.9,3.0,3.1,3.1,3.1,3.2,3.4,3.5,3.4,3.4,3.6,3.7,3.7,3.8,3.7,3.7,3.5,3.5,3.5,3.6,3.6,3.8,3.8,3.9,3.8,3.9,4.3,5.4
27900,"Joplin, MO",27900,2.2,2.1,2.0,2.0,2.0,2.0,2.1,2.1,2.1,2.0,1.9,1.9,2.0,2.0,2.1,2.1,2.1,2.1,2.1,2.1,2.2,2.3,2.3,2.4,2.4,2.5,2.5,2.4,2.3,2.3,2.2,2.3,2.2,2.2,2.3,2.4,2.4,2.4,2.4,2.5,2.5,2.7,3.2
27980,"Kahului-Wailuku-Lahaina, HI",27980,5.2,3.7,4.2,4.1,4.0,3.9,3.8,3.8,4.1,4.5,4.9,5.0,5.1,5.1,5.1,5.1,5.1,4.9,4.9,4.7,4.9,5.5,6.1,6.9,8.4,9.9,10.8,10.7,10.0,9.8,9.9,9.0,8.7,8.1,8.2,8.2,8.0,8.3,8.3,9.1,9.5,10.8,13.0
28100,"Kankakee, IL",28100,1.5,1.6,1.5,1.5,1.5,1.5,1.5,1.6,1.7,1.7,1.7,1.8,1.8,1.8,1.9,1.9,2.0,2.0,2.0,1.9,2.1,2.2,2.3,2.5,2.6,2.6,2.7,2.7,2.6,2.6,2.4,2.4,2.4,2.1,2.1,2.1,2.2,2.2,2.4,2.5,2.6,2.8,2.9
28020,"Kalamazoo-Portage, MI",28020,2.2,2.3,2.2,2.1,2.0,2.0,1.9,1.9,2.0,2.0,2.0,2.1,2.1,2.1,2.2,2.2,2.3,2.4,2.5,2.5,2.6,2.7,2.9,3.0,3.0,3.1,3.1,3.0,3.0,2.9,2.8,2.7,2.7,2.7,2.7,2.7,2.7,2.6,2.7,2.7,2.7,3.0,3.6
28140,"Kansas City, MO-KS",28140,3.1,3.0,2.9,2.8,2.7,2.6,2.6,2.5,2.5,2.3,2.3,2.3,2.3,2.4,2.4,2.4,2.5,2.6,2.6,2.6,2.6,2.7,2.8,2.9,3.0,3.0,2.9,2.8,2.6,2.5,2.6,2.4,2.6,2.7,2.7,2.8,2.9,3.0,3.1,3.2,3.3,3.8,4.2
28660,"Killeen-Temple, TX",28660,3.5,3.5,3.6,3.5,3.4,3.3,3.3,3.0,2.8,2.8,2.7,2.7,2.6,2.6,2.6,2.6,2.5,2.4,2.4,2.3,2.3,2.4,2.5,2.6,2.7,2.7,2.7,2.7,2.7,2.7,2.7,2.7,2.7,2.6,2.7,2.7,2.8,2.8,3.0,3.1,3.2,3.6,4.3
28700,"Kingsport-Bristol-Bristol, TN-VA",28700,3.2,3.2,3.0,3.0,2.9,2.9,2.9,2.9,2.8,2.6,2.5,2.4,2.4,2.5,2.5,2.6,2.7,2.7,2.9,2.9,2.9,3.0,3.0,3.1,3.2,3.3,3.4,3.4,3.4,3.4,3.3,3.3,3.1,3.2,3.2,3.3,3.3,3.4,3.4,3.4,3.5,3.9,5.0
28740,"Kingston, NY",28740,2.3,2.2,2.3,2.1,2.3,2.4,2.7,3.0,3.1,3.0,2.9,2.8,2.8,2.8,2.7,2.7,2.7,2.6,2.6,2.5,2.9,3.0,3.6,4.2,4.6,5.0,4.6,4.6,4.3,3.7,3.9,3.6,3.2,3.6,3.4,3.3,3.3,3.4,3.4,3.7,4.1,4.4,4.6
28420,"Kennewick-Richland, WA",28420,2.5,2.4,2.4,2.1,2.1,2.1,2.0,2.0,1.8,1.9,1.9,2.0,2.2,2.6,2.7,2.5,2.5,2.4,2.5,2.5,2.6,2.7,2.9,3.0,3.0,3.1,3.2,3.4,3.2,3.1,3.2,3.1,3.1,3.2,3.2,3.3,3.6,3.8,4.2,4.3,4.4,4.9,5.5
28940,"Knoxville, TN",28940,3.2,3.2,3.1,3.2,3.1,3.1,3.1,3.1,3.0,2.9,3.0,3.0,2.9,3.0,3.0,3.0,3.1,3.1,3.1,3.0,3.0,3.1,3.2,3.4,3.3,3.6,3.6,3.6,3.4,3.3,3.3,3.3,3.2,3.2,3.2,3.3,3.3,3.4,3.5,3.7,3.9,4.5,5.3
29020,"Kokomo, IN",29020,2.0,2.2,2.1,1.9,1.7,1.7,1.7,1.7,1.7,1.7,1.7,1.8,1.8,1.8,1.8,1.9,2.0,2.0,2.0,2.0,2.1,2.1,2.2,2.2,2.2,2.3,2.2,2.1,2.1,2.1,2.1,2.2,2.1,2.0,1.9,2.0,2.0,2.0,2.0,2.0,2.1,2.4,2.9
29180,"Lafayette, LA",29180,3.3,3.2,3.4,3.6,3.6,3.3,3.3,3.0,2.7,2.7,2.8,2.7,2.8,2.8,2.9,2.9,2.8,2.7,2.8,2.8,2.8,2.9,3.0,3.0,3.1,3.2,3.3,3.3,3.1,3.1,3.1,3.0,2.9,2.9,2.8,3.2,3.2,3.4,3.4,3.4,3.4,3.6,3.9
29540,"Lancaster, PA",29540,2.4,2.4,2.5,2.3,2.2,2.2,2.2,2.3,2.4,2.5,2.6,2.7,2.7,2.7,2.7,2.7,2.6,2.6,2.6,2.5,2.5,2.6,2.8,2.9,3.2,3.5,3.7,3.6,3.5,3.4,3.3,3.3,3.2,3.1,3.1,3.1,3.0,3.0,3.1,3.1,3.2,3.4,3.9
29700,"Laredo, TX",29700,3.2,3.3,3.7,4.0,4.1,4.0,4.0,3.7,3.3,3.1,3.0,2.8,2.8,2.8,2.8,2.8,2.8,2.8,2.8,2.9,2.9,3.0,3.1,3.2,3.2,3.2,3.4,3.4,3.2,3.2,3.1,3.1,3.0,3.1,3.1,3.3,3.3,3.3,3.1,3.0,3.0,3.3,3.9
29460,"Lakeland-Winter Haven, FL",29460,3.4,3.3,3.3,3.2,3.1,2.9,2.8,2.7,2.6,2.5,2.5,2.5,2.6,2.5,2.4,2.4,2.4,2.3,2.3,2.3,2.3,2.4,2.7,2.8,3.0,3.6,4.2,4.2,3.4,2.5,2.3,2.2,2.5,2.8,3.0,3.2,3.5,3.6,3.9,4.0,4.2,4.8,5.9
29200,"Lafayette-West Lafayette, IN",29200,2.7,2.7,2.6,2.5,2.4,2.4,2.4,2.4,2.3,2.3,2.3,2.3,2.4,2.5,2.6,2.6,2.7,2.7,2.7,2.7,2.8,2.9,2.9,2.9,2.9,2.9,2.9,2.7,2.7,2.7,2.7,2.6,2.5,2.5,2.4,2.6,2.6,2.7,2.9,3.0,3.1,3.6,4.3
29420,"Lake Havasu City-Kingman, AZ",29420,3.1,3.4,3.4,3.7,3.6,3.6,3.6,3.5,3.3,3.2,3.1,3.2,3.3,3.3,3.1,3.1,3.1,3.0,3.1,2.9,3.0,3.2,3.4,3.7,4.5,5.4,5.9,5.5,4.5,4.1,3.6,3.5,3.5,3.7,3.6,3.7,3.8,3.9,4.1,4.2,4.5,5.7,6.9
29340,"Lake Charles, LA",29340,2.7,2.8,2.9,3.1,3.2,3.2,3.2,3.0,2.7,2.5,2.4,2.3,2.3,2.4,2.4,2.4,2.4,2.4,2.5,2.5,2.5,2.6,2.7,2.7,2.8,2.9,3.0,2.9,2.9,3.0,3.0,3.0,2.9,2.8,2.8,3.0,2.9,3.1,3.3,3.3,3.2,3.2,3.4
29620,"Lansing-East Lansing, MI",29620,2.2,2.3,2.0,1.9,1.8,1.8,1.8,1.9,1.9,1.9,1.9,1.9,2.0,2.0,2.0,2.1,2.1,2.2,2.3,2.4,2.4,2.6,2.8,2.9,3.0,3.0,2.9,2.6,2.0,1.6,1.8,1.6,1.8,2.1,2.3,2.4,2.5,2.5,2.5,2.5,2.7,2.9,3.3
29100,"La Crosse-Onalaska, WI-MN",29100,3.0,2.7,2.4,2.5,2.4,2.4,2.3,2.3,2.2,2.2,2.2,2.2,2.2,2.2,2.3,2.3,2.3,2.3,2.3,2.4,2.4,2.5,2.6,2.7,2.8,3.0,2.9,2.9,2.9,2.9,2.8,2.9,2.9,2.9,2.9,2.9,2.8,2.8,2.9,2.9,2.9,3.3,3.8
29820,"Las Vegas-Henderson-Paradise, NV",29820,3.2,3.4,3.6,3.4,3.2,3.1,3.1,2.9,2.8,2.8,2.9,3.1,3.2,3.2,3.1,3.0,3.0,3.0,3.0,2.9,3.0,3.3,3.5,3.9,5.5,5.9,5.7,5.2,3.8,2.6,2.6,2.4,2.6,3.4,3.8,4.1,4.3,4.5,4.9,5.0,5.2,6.3,7.4
30020,"Lawton, OK",30020,3.0,3.0,3.2,3.3,3.2,3.0,2.9,2.7,2.5,2.5,2.4,2.3,2.2,2.2,2.2,2.3,2.3,2.3,2.3,2.3,2.3,2.4,2.5,2.5,2.6,2.8,2.9,2.9,2.9,2.9,2.9,2.9,2.9,2.8,2.8,2.6,2.7,2.7,2.7,2.7,2.8,3.2,3.7
30140,"Lebanon, PA",30140,2.0,2.0,2.0,2.0,2.0,2.0,2.1,2.2,2.3,2.3,2.3,2.4,2.4,2.5,2.5,2.5,2.5,2.5,2.5,2.4,2.4,2.5,2.6,2.6,2.7,2.9,3.1,3.2,3.2,3.1,3.1,3.0,2.9,2.9,2.9,2.9,2.9,2.9,2.9,2.9,2.9,3.0,3.3
30300,"Lewiston, ID-WA",30300,2.8,2.8,2.7,2.6,2.4,2.6,2.5,2.5,2.2,2.2,2.3,2.3,2.4,2.4,2.7,2.8,2.8,2.8,2.7,2.8,3.0,3.1,3.1,3.0,3.2,3.4,3.7,3.7,3.6,3.8,3.7,3.7,3.7,3.9,3.8,3.9,3.9,4.3,4.2,4.5,4.8,5.7,6.7
30340,"Lewiston-Auburn, ME",30340,2.5,2.7,2.6,2.5,2.6,2.7,2.9,3.1,3.2,3.2,3.2,3.3,3.2,3.0,2.8,2.7,2.7,2.5,2.5,2.4,2.4,2.6,2.8,3.0,3.2,3.6,3.7,3.7,3.6,3.6,3.5,3.3,3.3,3.2,3.1,3.0,3.0,3.1,2.9,2.9,2.9,3.2,3.8
30460,"Lexington-Fayette, KY",30460,3.2,3.4,3.1,3.2,3.1,3.1,3.0,2.9,3.0,2.8,2.6,2.6,2.7,2.7,2.8,2.7,2.6,2.7,2.7,2.7,2.9,3.0,3.1,3.3,3.3,3.4,3.3,3.1,3.0,2.9,3.1,2.9,2.9,2.9,2.8,2.8,2.8,2.9,2.9,3.0,3.2,3.6,3.9
30620,"Lima, OH",30620,2.4,2.3,2.2,2.1,2.0,1.8,1.8,1.9,1.9,2.0,2.0,2.0,2.1,2.1,2.1,2.1,2.2,2.2,2.2,2.2,2.2,2.3,2.3,2.3,2.3,2.3,2.2,2.2,2.2,2.2,2.3,2.2,2.1,2.2,2.2,2.2,2.1,2.2,2.1,2.2,2.3,2.8,3.3
30700,"Lincoln, NE",30700,2.3,2.2,2.3,2.2,2.1,2.1,2.0,2.0,1.9,2.0,2.0,2.0,2.1,2.2,2.3,2.3,2.4,2.4,2.5,2.4,2.5,2.7,2.8,2.9,2.9,2.9,2.9,2.7,2.7,2.7,2.7,2.7,2.8,2.8,2.8,2.8,2.9,2.9,3.1,3.2,3.4,3.7,4.1
30780,"Little Rock-North Little Rock-Conway, AR",30780,3.0,3.0,2.8,2.9,2.8,2.8,2.8,2.7,2.6,2.4,2.4,2.3,2.5,2.6,2.4,2.4,2.4,2.4,2.5,2.3,2.2,2.4,2.4,2.6,2.6,2.8,2.9,2.8,2.8,2.9,2.9,2.8,2.9,2.8,2.7,2.7,2.7,2.7,2.7,2.7,2.8,3.2,3.6
30860,"Logan, UT-ID",30860,3.4,3.5,3.5,3.5,3.2,3.2,3.0,2.8,2.6,2.4,2.3,2.4,2.4,2.5,2.8,3.0,3.1,3.2,3.2,3.2,3.2,3.4,3.5,3.5,3.6,3.8,4.0,4.1,4.1,4.1,4.0,3.8,3.8,4.0,4.1,4.0,4.2,4.4,4.7,4.8,5.0,5.9,7.1
30980,"Longview, TX",30980,2.8,2.7,2.9,2.9,2.8,2.8,2.8,2.6,2.4,2.3,2.3,2.3,2.3,2.4,2.4,2.4,2.4,2.3,2.3,2.3,2.3,2.3,2.4,2.4,2.5,2.5,2.6,2.6,2.6,2.7,2.6,2.6,2.5,2.6,2.6,2.8,2.9,2.9,2.8,2.8,2.9,3.1,3.5
31020,"Longview, WA",31020,2.5,2.6,2.2,2.0,2.3,2.3,2.3,2.1,2.0,2.1,2.1,2.2,2.4,2.7,2.8,3.0,3.1,3.2,3.3,3.2,3.2,3.4,3.5,3.5,3.6,3.9,4.5,4.6,4.5,4.3,4.2,4.0,3.7,3.9,4.0,4.1,4.2,4.3,4.5,4.5,4.6,4.9,5.5
31080,"Los Angeles-Long Beach-Anaheim, CA",31080,4.7,4.8,4.7,4.5,4.3,4.2,4.2,4.4,5.0,5.8,6.0,5.9,5.9,5.5,5.0,4.7,4.5,4.3,4.4,4.5,4.7,5.6,6.7,7.9,9.7,11.5,12.4,11.4,9.3,7.2,7.1,7.0,7.1,7.8,8.5,8.9,9.0,9.2,9.1,9.0,9.0,9.8,10.9
31140,"Louisville/Jefferson County, KY-IN",31140,2.4,2.4,2.3,2.2,2.1,2.1,2.1,2.1,2.1,2.1,2.2,2.3,2.3,2.4,2.5,2.5,2.6,2.6,2.7,2.7,2.8,2.7,2.9,3.0,3.0,3.0,3.0,2.9,2.8,2.8,2.9,2.7,2.8,2.8,2.8,2.9,3.0,3.0,3.1,3.2,3.4,3.8,4.1
29740,"Las Cruces, NM",29740,3.0,3.1,3.3,3.2,3.1,3.1,3.2,3.2,3.1,3.1,3.0,3.0,3.0,3.1,3.1,3.2,3.2,3.2,3.1,3.0,3.0,3.1,3.2,3.3,3.5,3.8,4.1,4.1,4.0,3.9,3.9,3.9,3.9,3.8,3.7,3.7,3.9,4.0,4.0,3.9,3.9,4.5,5.2
31180,"Lubbock, TX",31180,3.1,2.9,3.0,2.9,2.8,2.9,2.9,2.8,2.6,2.5,2.5,2.5,2.5,2.5,2.5,2.5,2.5,2.4,2.4,2.3,2.3,2.4,2.6,2.7,2.7,2.7,2.7,2.5,2.6,2.6,2.6,2.6,2.6,2.6,2.6,2.7,2.9,3.0,3.1,3.0,3.0,3.3,3.7
29940,"Lawrence, KS",29940,3.3,3.3,3.2,3.2,3.1,3.0,3.1,3.0,2.9,2.8,2.7,2.7,2.7,2.7,2.9,3.0,3.0,3.0,3.0,3.0,3.1,3.2,3.4,3.6,3.8,3.8,3.8,3.7,3.7,3.6,3.6,3.5,3.4,3.4,3.4,3.4,3.3,3.3,3.4,3.3,3.5,4.3,5.2
31340,"Lynchburg, VA",31340,3.1,3.0,2.8,2.8,2.6,2.5,2.5,2.6,2.7,2.7,2.6,2.7,2.8,2.9,2.9,3.0,3.0,2.9,3.0,2.9,3.0,3.2,3.4,3.6,3.7,4.0,4.3,4.7,4.4,4.1,3.9,3.8,3.6,3.6,3.5,3.6,3.5,3.6,3.5,3.5,3.6,3.9,4.6
31420,"Macon-Bibb County, GA",31420,2.7,2.9,3.0,2.9,2.8,2.8,2.7,2.5,2.5,2.5,2.5,2.5,2.5,2.5,2.5,2.5,2.6,2.5,2.6,2.6,2.6,2.8,2.9,3.1,3.2,3.3,3.4,3.4,3.3,3.3,3.3,3.1,3.0,3.1,3.2,3.4,3.4,3.4,3.3,3.2,3.2,3.3,3.8
31540,"Madison, WI",31540,2.9,2.8,2.8,2.8,2.7,2.5,2.4,2.4,2.4,2.4,2.4,2.5,2.5,2.7,2.9,3.0,2.9,2.9,2.9,2.8,3.1,3.2,3.4,3.6,3.8,4.1,4.0,3.9,3.8,3.6,3.8,3.6,3.5,3.6,3.7,3.7,3.6,3.8,3.9,4.0,4.3,4.7,5.0
31860,"Mankato-North Mankato, MN",31860,3.2,2.9,2.9,2.7,2.7,2.6,2.5,2.5,2.4,2.3,2.3,2.4,2.4,2.4,2.4,2.4,2.5,2.4,2.4,2.4,2.5,2.7,2.8,3.0,3.1,3.3,3.1,3.1,3.0,3.1,3.0,2.8,2.9,2.9,2.9,2.9,2.9,2.9,2.9,2.8,2.9,3.0,3.3
31740,"Manhattan, KS",31740,3.4,3.4,3.3,3.2,2.9,2.9,2.9,2.9,2.8,2.7,2.6,2.7,2.6,2.7,2.9,2.9,2.8,2.6,2.6,2.6,2.7,2.8,3.0,3.0,3.3,3.5,3.8,3.6,3.4,3.4,3.3,3.2,3.2,3.2,3.2,3.4,3.5,3.6,4.0,3.9,3.9,4.2,4.8
31460,"Madera, CA",31460,3.2,3.3,3.3,3.2,3.0,2.9,3.0,3.0,3.4,3.8,3.7,3.7,3.7,3.5,3.4,3.2,3.1,3.0,3.1,3.1,3.4,3.7,4.4,5.0,5.6,6.3,6.4,6.4,4.5,3.2,3.1,2.7,2.8,3.6,4.7,4.5,4.6,4.9,4.7,4.5,4.9,5.9,6.4
31900,"Mansfield, OH",31900,2.3,2.3,2.1,2.1,1.9,1.9,1.9,1.9,1.9,2.0,2.0,2.1,2.1,2.1,2.2,2.2,2.3,2.3,2.4,2.3,2.3,2.4,2.5,2.6,2.7,2.7,2.6,2.5,2.4,2.4,2.4,2.3,2.3,2.2,2.2,2.3,2.2,2.2,2.3,2.3,2.5,2.9,3.3
32580,"McAllen-Edinburg-Mission, TX",32580,2.4,2.5,2.7,2.8,2.8,2.7,2.8,2.6,2.4,2.3,2.2,2.2,2.3,2.3,2.4,2.4,2.4,2.3,2.3,2.2,2.2,2.3,2.4,2.4,2.5,2.6,2.6,2.6,2.6,2.5,2.4,2.4,2.4,2.3,2.4,2.4,2.5,2.5,2.5,2.4,2.4,2.6,3.1
32900,"Merced, CA",32900,2.6,2.7,2.6,2.5,2.4,2.4,2.5,2.5,2.9,3.2,3.5,3.7,3.6,3.4,3.3,3.2,3.1,2.9,2.9,2.9,3.0,3.5,4.1,4.8,5.5,7.2,7.1,5.8,3.6,2.5,2.6,2.6,2.9,3.5,3.9,4.3,4.5,4.8,4.9,4.8,5.2,6.5,7.3
32780,"Medford, OR",32780,3.6,3.8,3.6,3.2,2.8,2.9,2.7,2.6,2.6,2.7,3.0,3.1,3.2,3.3,3.4,3.5,3.6,3.6,3.6,3.6,3.8,4.3,4.8,5.4,6.3,7.9,8.5,8.4,7.4,7.1,6.4,5.9,5.3,5.1,5.2,5.4,5.6,5.8,6.1,6.2,6.3,6.7,7.2
32820,"Memphis, TN-MS-AR",32820,3.4,3.4,3.2,3.3,2.9,3.1,3.2,3.2,3.1,3.0,2.9,2.9,3.0,2.9,2.7,2.6,2.8,2.9,2.9,2.8,2.8,3.0,3.1,3.3,3.3,3.4,3.2,3.0,2.5,2.6,2.6,2.5,2.5,2.8,2.9,3.0,3.1,3.3,3.5,3.7,4.1,4.5,5.0
33100,"Miami-Fort Lauderdale-West Palm Beach, FL",33100,3.4,3.4,3.5,3.3,3.1,2.9,2.9,2.8,2.9,2.9,3.1,3.1,3.2,3.2,3.1,3.1,3.2,3.3,3.3,3.3,3.5,3.9,4.8,5.7,6.9,8.5,8.0,7.6,6.0,4.4,4.4,4.0,4.4,5.3,5.5,5.6,5.9,6.2,6.1,6.1,6.4,7.5,8.7
33140,"Michigan City-La Porte, IN",33140,2.1,2.2,2.1,2.1,2.0,2.0,2.0,2.0,2.0,1.9,1.9,1.9,2.0,2.1,2.1,2.2,2.2,2.2,2.3,2.2,2.3,2.4,2.4,2.5,2.4,2.4,2.4,2.4,2.4,2.4,2.3,2.3,2.3,2.4,2.5,2.5,2.4,2.4,2.4,2.4,2.4,2.5,3.0
33260,"Midland, TX",33260,2.6,2.4,2.5,2.6,2.6,2.7,2.8,2.6,2.4,2.3,2.3,2.3,2.3,2.3,2.3,2.3,2.2,2.1,2.2,2.1,2.1,2.1,2.1,2.1,2.1,2.1,2.4,2.5,2.5,2.4,2.4,2.4,2.3,2.3,2.3,2.6,2.8,3.0,3.1,3.1,3.1,3.4,3.7
33340,"Milwaukee-Waukesha-West Allis, WI",33340,2.9,2.8,2.6,2.6,2.5,2.4,2.4,2.4,2.4,2.4,2.6,2.6,2.8,2.9,2.9,2.9,2.9,2.9,3.0,2.9,2.9,3.1,3.6,3.8,4.1,4.4,4.4,4.2,4.0,3.7,4.1,3.6,3.6,3.8,3.8,3.9,3.9,4.0,4.0,4.1,4.3,4.6,4.9
33220,"Midland, MI",33220,2.2,2.2,1.9,1.9,1.9,1.8,1.8,1.9,1.9,1.9,1.9,1.9,2.0,2.0,2.0,2.0,2.0,2.1,2.1,2.2,2.2,2.3,2.4,2.4,2.5,2.5,2.4,2.3,2.2,2.2,2.0,2.0,2.0,2.2,2.3,2.5,2.4,2.4,2.3,2.3,2.3,2.6,3.1
33460,"Minneapolis-St. Paul-Bloomington, MN-WI",33460,2.9,2.8,2.9,2.7,2.6,2.5,2.5,2.5,2.4,2.4,2.4,2.4,2.4,2.4,2.4,2.4,2.5,2.4,2.5,2.6,2.6,2.9,3.2,3.5,3.6,3.8,3.7,3.5,3.0,2.8,2.7,2.4,2.6,2.9,3.0,3.1,3.2,3.3,3.4,3.5,3.7,4.1,4.3
33540,"Missoula, MT",33540,3.5,3.5,3.5,3.3,3.4,3.3,3.2,3.0,2.9,2.7,2.7,2.8,3.0,3.2,3.5,3.7,3.9,3.8,3.9,3.8,3.9,4.1,4.4,4.8,5.2,5.6,5.9,6.1,6.1,6.0,5.9,5.8,5.6,5.7,5.8,5.9,5.8,5.8,5.9,6.0,6.1,6.9,8.4
31700,"Manchester-Nashua, NH",31700,3.1,3.0,2.8,2.6,2.7,2.9,3.3,3.5,3.4,3.3,3.3,3.1,3.0,3.0,2.9,2.8,2.7,2.6,2.7,2.7,2.8,3.1,3.4,3.7,4.0,4.2,4.1,3.9,3.5,3.3,3.4,3.1,3.1,3.2,3.2,3.4,3.4,3.6,3.6,3.9,4.2,4.5,4.7
33660,"Mobile, AL",33660,3.0,2.8,2.7,2.7,2.8,2.6,2.7,2.6,2.6,2.5,2.4,2.4,2.4,2.5,2.4,2.5,2.7,2.7,2.8,2.8,2.8,2.9,3.1,3.2,3.3,3.5,3.6,3.4,3.3,3.1,2.9,2.5,2.5,2.6,2.7,2.8,3.0,3.0,3.1,3.2,3.3,3.9,4.3
33700,"Modesto, CA",33700,3.3,3.3,3.3,3.2,3.0,3.0,3.1,3.1,3.5,3.8,3.7,3.8,3.8,3.6,3.5,3.4,3.5,3.3,3.1,3.0,3.2,3.8,4.4,5.0,5.6,7.0,7.1,6.3,4.0,2.8,3.0,2.8,3.0,3.8,4.4,4.6,4.8,5.0,5.1,5.2,5.4,5.8,5.8
33780,"Monroe, MI",33780,2.2,2.1,1.8,1.9,1.9,1.9,1.9,1.8,1.8,1.9,1.9,2.0,2.0,2.0,2.1,2.2,2.3,2.4,2.4,2.5,2.6,2.7,2.8,2.9,2.9,3.0,3.0,2.8,2.6,2.5,2.3,2.3,2.2,2.2,2.4,2.4,2.5,2.5,2.6,2.5,2.6,3.0,3.5
34060,"Morgantown, WV",34060,4.5,4.0,3.7,3.4,3.3,3.2,3.3,3.2,3.1,3.1,3.1,3.0,3.2,3.2,3.3,3.3,3.5,3.5,3.6,3.4,3.4,3.5,3.4,3.3,3.5,3.8,3.7,3.4,3.4,3.2,3.3,3.4,3.4,3.6,3.6,3.7,3.6,3.6,3.5,3.4,3.3,3.5,3.9
33860,"Montgomery, AL",33860,3.3,3.1,3.0,2.9,2.9,2.8,2.8,2.7,2.7,2.6,2.5,2.7,2.7,2.8,2.7,2.7,2.7,2.8,2.7,2.7,2.7,2.8,3.0,3.0,3.0,3.2,3.4,3.3,3.0,2.9,2.9,2.8,2.8,2.9,3.0,2.8,2.8,2.8,2.7,2.9,3.2,3.6,3.8
33740,"Monroe, LA",33740,3.4,3.5,3.6,3.6,3.5,3.3,3.4,3.2,3.0,2.9,2.7,2.6,2.6,2.6,2.7,2.6,2.7,2.7,2.7,2.7,2.8,2.9,3.1,3.2,3.3,3.3,3.3,3.3,3.3,3.4,3.5,3.5,3.5,3.3,3.3,3.5,3.6,3.5,3.3,3.4,3.4,3.5,3.8
34580,"Mount Vernon-Anacortes, WA",34580,2.9,2.8,2.6,2.5,2.5,2.5,2.5,2.4,2.4,2.4,2.7,2.9,3.1,3.2,3.4,3.5,3.6,3.6,3.6,3.6,3.6,3.8,4.0,4.1,4.4,5.1,5.7,5.9,5.6,5.1,4.8,4.5,4.4,4.5,4.6,4.8,4.8,4.8,5.1,5.2,5.5,6.5,7.8
34100,"Morristown, TN",34100,3.2,3.3,3.1,3.3,3.2,3.1,3.2,2.8,2.8,2.5,2.5,2.4,2.5,2.7,2.6,2.8,2.8,3.1,3.0,2.9,3.0,3.1,3.2,3.2,3.2,3.4,3.6,3.7,3.6,3.7,3.5,3.4,3.4,3.3,3.3,3.4,3.4,3.4,3.4,3.3,3.5,3.8,4.7
34620,"Muncie, IN",34620,2.0,2.1,2.0,2.0,1.9,1.8,1.8,1.8,1.8,1.8,1.8,1.7,1.8,1.8,1.8,1.9,1.9,2.0,2.1,2.1,2.2,2.3,2.4,2.4,2.5,2.6,2.4,2.4,2.3,2.3,2.3,2.2,2.2,2.2,2.1,2.1,2.1,2.1,2.1,2.1,2.1,2.3,2.7
34740,"Muskegon, MI",34740,1.8,1.8,1.7,1.6,1.5,1.5,1.5,1.7,1.8,1.8,1.9,1.9,2.0,2.0,2.0,2.0,2.1,2.1,2.1,2.2,2.3,2.4,2.5,2.5,2.5,2.5,2.5,2.5,2.4,2.3,2.2,2.1,2.1,2.1,2.2,2.3,2.3,2.3,2.3,2.3,2.4,2.7,3.3
34820,"Myrtle Beach-Conway-North Myrtle Beach, SC-NC",34820,4.1,4.2,3.9,3.7,3.5,3.5,3.5,3.5,3.5,3.4,3.4,3.4,3.4,3.4,3.3,3.4,3.5,3.5,3.5,3.6,3.6,3.7,3.9,4.0,4.3,4.8,5.5,5.6,5.4,5.0,4.7,4.3,4.1,4.1,4.0,4.1,4.1,4.2,4.2,4.2,4.3,5.0,6.3
34900,"Napa, CA",34900,4.4,4.5,4.4,4.3,4.0,3.9,4.0,4.0,4.6,5.0,4.9,4.9,5.1,4.9,5.0,4.8,4.5,4.5,4.4,4.9,5.6,6.1,7.0,8.4,9.2,10.5,10.4,10.0,6.9,5.4,5.5,5.2,5.6,6.9,7.9,8.2,8.1,8.2,8.1,7.8,8.4,9.4,9.9
34980,"Nashville-Davidson-Murfreesboro-Franklin, TN",34980,2.8,2.9,2.8,2.8,2.8,2.8,2.8,2.9,2.8,2.7,2.7,2.7,2.7,2.6,2.7,2.8,2.9,2.8,2.8,2.6,2.8,3.0,3.0,3.0,3.1,3.4,3.6,3.6,3.5,3.3,3.2,3.0,3.1,3.2,3.4,3.6,3.7,3.8,3.9,4.0,4.2,4.8,5.8
34940,"Naples-Immokalee-Marco Island, FL",34940,7.4,7.6,8.0,8.1,7.9,7.5,7.2,6.8,6.5,6.5,6.5,6.7,6.7,6.7,6.6,6.5,6.4,6.4,6.5,6.4,6.7,6.9,7.3,7.5,8.2,9.9,10.7,8.9,5.6,3.5,4.1,4.2,4.7,5.4,6.1,6.6,6.5,6.5,6.2,5.7,6.4,8.7,11.0
35100,"New Bern, NC",35100,3.4,3.3,3.2,3.0,3.0,3.0,3.0,3.0,3.0,2.9,2.9,2.9,2.9,2.8,2.9,3.0,2.9,2.9,2.9,2.9,3.0,3.1,3.2,3.2,3.3,3.6,4.0,4.0,4.0,4.1,3.8,3.5,3.3,3.5,3.6,3.6,3.4,3.4,3.5,3.6,3.7,4.0,4.8
35300,"New Haven-Milford, CT",35300,3.5,3.5,3.3,3.3,3.4,3.6,4.1,4.8,4.8,4.3,4.0,3.9,3.7,3.6,3.5,3.3,3.1,3.0,2.9,3.0,3.0,3.3,3.7,4.2,4.6,4.9,4.9,4.7,4.2,3.8,3.8,3.7,3.6,3.7,3.6,3.4,3.4,3.3,3.4,3.3,3.6,4.0,4.3
35380,"New Orleans-Metairie, LA",35380,3.9,3.7,3.5,3.5,3.6,3.4,3.5,3.3,3.1,2.9,2.7,2.7,2.7,2.7,2.7,2.6,2.8,2.8,3.0,3.0,3.1,3.2,3.4,3.6,3.6,4.0,3.8,3.4,3.4,3.4,3.5,3.4,3.5,3.6,3.5,3.5,3.8,4.0,4.0,4.0,4.2,4.7,4.9
35620,"New York-Newark-Jersey City, NY-NJ-PA",35620,3.6,3.6,3.8,3.6,3.9,4.2,4.6,4.9,5.0,4.7,4.3,4.2,4.2,4.1,4.0,3.9,3.9,3.8,3.8,3.9,4.3,4.7,5.6,6.4,6.9,7.5,7.4,7.1,6.5,5.8,6.1,5.9,5.8,5.9,5.9,5.6,5.4,5.4,5.2,5.2,5.6,6.6,7.1
35660,"Niles-Benton Harbor, MI",35660,2.2,2.2,2.0,1.9,1.8,1.8,1.8,1.9,1.9,2.0,2.0,2.0,2.1,2.1,2.1,2.2,2.3,2.3,2.4,2.4,2.5,2.6,2.7,2.7,2.7,2.8,2.8,2.7,2.7,2.6,2.5,2.5,2.5,2.6,2.8,3.0,3.1,3.0,3.0,3.0,3.1,3.3,3.9
35980,"Norwich-New London, CT",35980,2.5,2.5,2.2,2.2,2.3,2.5,2.9,3.5,3.6,3.5,3.4,3.3,3.1,2.9,2.7,2.6,2.6,2.5,2.5,2.5,2.6,2.8,3.2,3.7,4.0,4.2,4.2,4.0,3.6,3.2,3.2,2.8,2.8,2.8,2.7,2.7,2.7,2.9,3.1,3.2,3.3,3.7,4.0
35840,"North Port-Sarasota-Bradenton, FL",35840,2.6,2.7,2.8,2.6,2.8,2.6,2.6,2.5,2.5,2.5,2.5,2.6,2.7,2.8,2.8,3.0,3.0,3.0,3.0,3.0,3.2,3.5,4.0,4.6,5.5,6.8,6.2,5.5,4.3,3.4,3.3,3.3,3.6,4.0,4.1,4.5,4.8,4.9,4.8,4.8,5.0,5.8,7.1
36100,"Ocala, FL",36100,3.1,3.0,3.0,2.8,2.7,2.5,2.5,2.4,2.3,2.3,2.4,2.4,2.4,2.3,2.3,2.3,2.3,2.2,2.3,2.2,2.2,2.3,2.5,2.6,3.1,3.8,4.3,4.0,3.4,2.6,2.3,2.1,2.3,2.5,2.5,2.8,3.1,3.4,3.5,3.6,3.6,4.2,4.9
36140,"Ocean City, NJ",36140,3.0,3.1,3.0,2.8,2.9,3.1,3.5,3.9,3.9,3.7,3.6,3.5,3.4,3.3,3.1,3.0,2.9,2.8,2.9,2.9,3.1,3.5,4.1,4.6,5.4,6.3,6.7,6.5,6.2,6.0,5.7,5.3,5.0,4.9,5.0,5.0,4.7,4.6,4.5,4.4,4.5,4.9,5.8
36220,"Odessa, TX",36220,2.2,2.1,2.2,2.3,2.4,2.4,2.5,2.4,2.1,2.0,2.0,2.0,2.1,2.1,2.0,2.0,1.9,1.7,1.8,1.7,1.7,1.7,1.8,1.8,1.8,1.9,2.1,2.2,2.3,2.4,2.2,2.2,2.1,2.2,2.2,2.3,2.3,2.4,2.5,2.6,2.8,3.0,3.1
36260,"Ogden-Clearfield, UT",36260,3.2,3.1,3.0,2.8,2.6,2.6,2.5,2.4,2.3,2.2,2.1,2.2,2.1,2.2,2.5,2.6,2.8,2.8,2.9,2.8,2.8,2.8,2.8,2.8,2.8,2.9,3.2,3.4,3.4,3.2,3.1,2.9,2.8,2.9,3.0,3.0,3.2,3.3,3.6,3.8,4.2,5.1,5.8
36420,"Oklahoma City, OK",36420,3.0,2.8,2.9,3.1,2.9,2.8,2.7,2.4,2.1,2.0,1.9,1.9,2.0,2.0,2.1,2.2,2.2,2.2,2.3,2.3,2.3,2.4,2.5,2.6,2.7,2.8,2.9,2.9,2.8,3.0,3.1,3.0,3.0,3.0,2.9,2.8,2.8,2.7,2.7,2.7,2.9,3.1,3.5
36500,"Olympia-Tumwater, WA",36500,3.0,3.0,2.8,2.6,2.5,2.3,2.2,2.1,2.1,2.2,2.4,2.5,2.7,2.8,3.0,3.1,3.1,3.1,3.1,3.0,3.0,3.2,3.3,3.4,3.8,4.4,5.0,5.2,4.9,4.5,4.3,4.2,4.0,4.1,4.2,4.0,4.1,4.3,4.5,4.6,4.8,5.6,6.5
36540,"Omaha-Council Bluffs, NE-IA",36540,2.4,2.4,2.4,2.3,2.3,2.2,2.2,2.2,2.1,2.0,2.0,2.1,2.1,2.2,2.2,2.3,2.3,2.3,2.4,2.4,2.5,2.5,2.6,2.6,2.7,2.7,2.7,2.6,2.5,2.5,2.5,2.5,2.5,2.6,2.6,2.6,2.7,2.7,2.8,2.9,3.1,3.3,3.6
36740,"Orlando-Kissimmee-Sanford, FL",36740,3.3,3.2,3.4,3.2,3.1,3.0,2.9,2.8,2.7,2.6,2.7,2.8,2.8,2.8,2.8,2.6,2.6,2.5,2.5,2.5,2.6,2.8,3.1,3.4,3.9,5.2,5.6,5.2,4.3,3.2,2.9,2.8,3.0,3.5,3.7,3.9,4.2,4.4,4.5,4.4,4.7,5.5,6.4
36780,"Oshkosh-Neenah, WI",36780,2.5,2.3,2.1,2.2,2.1,2.0,1.9,1.9,1.9,1.9,1.9,1.9,1.9,2.0,2.0,2.1,2.1,2.1,2.0,2.0,2.1,2.1,2.2,2.3,2.4,2.4,2.4,2.4,2.4,2.4,2.4,2.3,2.3,2.4,2.4,2.4,2.4,2.5,2.6,2.6,2.8,3.0,3.3
36980,"Owensboro, KY",36980,3.0,2.8,2.6,2.5,2.4,2.4,2.3,2.3,2.3,2.2,2.1,2.2,2.2,2.3,2.3,2.4,2.4,2.4,2.3,2.4,2.4,2.5,2.6,2.7,2.8,2.8,2.8,2.8,2.8,2.8,2.6,2.5,2.4,2.6,2.6,2.6,2.7,2.7,2.9,2.9,2.9,3.0,3.3
37100,"Oxnard-Thousand Oaks-Ventura, CA",37100,4.9,5.4,4.8,4.6,4.0,3.9,3.9,4.0,4.8,5.4,5.1,4.8,4.7,4.4,4.3,4.1,4.1,4.2,4.2,4.3,4.8,5.1,5.9,7.2,8.9,9.4,9.1,8.5,6.0,5.4,5.8,5.5,5.5,6.7,7.2,7.6,7.6,7.6,7.5,7.3,7.7,8.5,8.8
37340,"Palm Bay-Melbourne-Titusville, FL",37340,2.9,3.1,2.7,2.7,2.7,2.7,2.7,2.6,2.5,2.5,2.5,2.5,2.4,2.5,2.5,2.5,2.5,2.5,2.6,2.4,2.4,2.4,2.7,3.1,3.7,4.8,4.6,3.9,3.2,2.6,2.4,2.3,2.5,2.6,2.8,3.2,3.6,3.9,4.1,4.0,4.2,4.7,5.4
37460,"Panama City, FL",37460,3.3,3.1,3.1,2.9,2.7,2.6,2.6,2.6,2.6,2.6,2.4,2.4,2.4,2.4,2.4,2.5,2.5,2.5,2.6,2.6,2.6,2.8,3.0,3.2,3.8,4.7,4.9,4.6,4.2,3.9,3.6,3.3,3.4,3.8,3.7,3.8,3.8,4.1,4.3,4.2,4.4,5.1,6.1
37620,"Parkersburg-Vienna, WV",37620,3.1,2.8,2.6,2.4,2.3,2.2,2.3,2.3,2.2,2.2,2.3,2.2,2.3,2.3,2.4,2.5,2.4,2.5,2.5,2.6,2.6,2.7,2.8,2.8,2.9,2.9,2.9,2.8,2.8,2.9,2.9,2.8,2.8,2.8,2.9,2.8,2.8,2.8,2.8,2.8,2.8,2.8,3.0
37860,"Pensacola-Ferry Pass-Brent, FL",37860,2.9,2.7,2.8,2.7,2.6,2.5,2.5,2.5,2.5,2.5,2.4,2.3,2.3,2.4,2.5,2.5,2.6,2.6,2.6,2.7,2.7,2.7,2.9,3.0,3.3,3.8,3.8,3.6,3.4,3.2,3.2,3.0,3.0,3.1,3.0,3.1,3.3,3.4,3.6,3.7,3.9,4.3,4.9
37900,"Peoria, IL",37900,2.0,2.0,2.0,2.0,1.7,1.6,1.6,1.5,1.5,1.6,1.7,1.8,1.9,1.9,2.0,2.0,2.0,2.0,2.0,2.0,2.0,2.0,2.0,2.1,2.1,2.3,2.3,2.4,2.4,2.3,2.3,2.3,2.5,2.0,2.1,2.1,2.1,2.1,2.1,2.0,2.1,2.2,2.3
37980,"Philadelphia-Camden-Wilmington, PA-NJ-DE-MD",37980,2.3,2.3,2.2,2.2,2.2,2.3,2.4,2.6,2.8,2.9,3.0,3.1,3.1,3.0,3.0,2.9,2.9,2.8,2.7,2.5,2.4,2.6,2.9,3.3,3.5,3.9,4.1,4.0,3.8,3.6,3.7,3.6,3.6,3.6,3.5,3.4,3.4,3.3,3.2,3.3,3.5,3.8,4.0
38060,"Phoenix-Mesa-Scottsdale, AZ",38060,3.0,3.0,2.9,2.9,2.8,2.8,2.9,2.8,2.7,2.6,2.8,2.8,2.8,2.7,2.7,2.7,2.8,2.8,2.8,2.8,2.9,3.0,3.1,3.2,3.5,4.9,5.2,4.7,3.5,2.6,2.7,2.3,2.9,3.5,3.7,3.9,4.0,4.0,4.2,4.2,4.6,5.5,6.1
38220,"Pine Bluff, AR",38220,2.8,2.7,2.7,2.9,2.8,2.6,2.6,2.5,2.4,2.3,2.2,2.1,2.1,2.1,2.1,2.1,2.1,2.1,2.1,2.0,2.0,2.1,2.2,2.3,2.4,2.5,2.6,2.5,2.6,2.6,2.6,2.4,2.4,2.5,2.5,2.5,2.4,2.4,2.4,2.5,2.5,2.4,2.7
38340,"Pittsfield, MA",38340,2.3,2.5,2.5,2.6,2.9,3.4,3.9,4.2,4.2,4.1,4.0,3.9,3.8,3.7,3.6,3.5,3.4,3.3,3.2,3.2,3.2,3.3,3.6,3.9,4.5,4.6,4.5,4.5,4.6,4.1,4.4,4.1,3.8,3.7,3.7,3.7,3.5,3.5,3.6,3.6,4.1,4.9,5.3
38300,"Pittsburgh, PA",38300,2.3,2.2,2.2,2.2,2.2,2.1,2.1,2.0,2.0,2.0,2.0,2.0,2.1,2.2,2.2,2.2,2.2,2.2,2.2,2.2,2.2,2.4,2.6,2.7,2.8,3.0,3.0,2.8,2.7,2.6,2.5,2.5,2.4,2.5,2.5,2.5,2.5,2.5,2.5,2.6,2.6,2.8,3.1
38540,"Pocatello, ID",38540,2.3,2.5,2.3,2.3,2.2,2.2,2.2,2.1,2.0,2.0,2.0,2.0,2.1,2.2,2.4,2.4,2.4,2.4,2.5,2.4,2.4,2.5,2.6,2.7,2.8,3.1,3.3,3.3,3.3,3.4,3.4,3.3,3.3,3.4,3.6,3.6,3.6,3.6,3.8,3.9,4.1,4.8,5.6
38860,"Portland-South Portland, ME",38860,2.8,3.0,2.7,2.7,2.8,2.9,3.0,3.2,3.3,3.3,3.3,3.2,3.1,3.1,2.9,2.9,2.8,2.8,2.8,2.8,3.0,3.4,3.7,4.0,4.6,4.9,4.7,4.6,4.2,3.7,3.9,3.8,4.0,4.0,3.8,3.8,3.8,3.9,4.1,4.3,4.7,5.3,5.9
38900,"Portland-Vancouver-Hillsboro, OR-WA",38900,3.0,2.8,2.8,2.8,2.6,2.5,2.4,2.3,2.2,2.2,2.4,2.7,2.8,3.0,3.2,3.3,3.4,3.5,3.5,3.4,3.5,3.5,3.7,3.9,4.2,4.8,5.4,5.3,4.9,4.4,4.4,4.0,4.1,4.5,4.7,4.8,5.1,5.3,5.2,5.3,5.6,6.3,6.8
39140,"Prescott, AZ",39140,3.5,3.6,3.5,3.7,3.7,3.8,3.9,4.0,3.9,3.8,3.7,3.8,3.8,3.7,3.8,3.9,3.9,3.8,3.8,3.8,3.9,4.1,4.3,4.4,4.6,5.6,6.2,6.1,5.4,5.0,4.4,4.1,4.2,4.5,4.6,4.8,4.9,5.3,5.6,5.6,5.8,7.0,8.5
39300,"Providence-Warwick, RI-MA",39300,3.2,3.1,2.9,2.9,3.0,3.2,3.6,4.2,4.4,4.3,4.2,4.1,3.9,3.7,3.6,3.4,3.4,3.3,3.2,3.2,3.3,3.7,4.5,5.2,5.7,5.8,5.6,5.3,4.6,4.0,4.2,4.1,3.9,4.2,4.2,4.2,4.2,4.3,4.3,4.4,4.7,5.4,5.9
39340,"Provo-Orem, UT",39340,3.6,3.8,3.7,3.8,3.5,3.4,3.3,3.0,2.7,2.5,2.4,2.4,2.4,2.7,2.9,3.1,3.3,3.3,3.4,3.3,3.3,3.5,3.7,3.8,4.0,4.2,4.6,4.8,4.8,4.4,4.0,3.9,3.7,3.9,4.0,4.0,4.3,4.4,4.7,4.9,5.0,5.8,6.7
38940,"Port St. Lucie, FL",38940,3.7,3.5,3.5,3.4,3.5,3.2,3.1,2.9,2.9,2.9,3.0,3.0,3.0,3.0,2.8,2.8,2.7,2.6,2.6,2.6,2.6,2.7,3.0,3.4,4.0,4.9,5.0,4.4,3.3,2.6,2.5,2.6,2.7,3.0,3.2,3.7,4.2,4.4,4.3,4.2,4.3,5.2,6.3
39380,"Pueblo, CO",39380,2.4,2.3,2.4,2.5,2.4,2.5,2.6,2.6,2.4,2.3,2.3,2.3,2.3,2.3,2.4,2.5,2.6,2.7,2.8,2.8,2.8,3.0,3.2,3.4,3.5,3.6,3.7,3.7,3.5,3.6,3.6,3.5,3.5,3.6,3.7,3.9,4.1,4.1,4.1,4.2,4.3,4.8,5.5
39460,"Punta Gorda, FL",39460,4.3,4.2,4.4,4.4,4.3,4.1,4.0,3.8,3.7,3.7,3.7,3.7,3.7,3.6,3.4,3.3,3.2,3.1,3.2,3.1,3.2,3.3,3.6,3.9,4.4,5.2,5.3,4.3,3.3,2.6,2.5,2.2,2.7,3.1,3.3,3.7,3.9,4.1,4.1,4.2,4.4,5.3,6.5
39540,"Racine, WI",39540,2.5,2.4,2.2,2.4,2.3,2.2,2.1,2.1,2.0,2.0,2.0,2.0,2.1,2.1,2.2,2.3,2.2,2.2,2.2,2.3,2.3,2.4,2.5,2.6,2.8,3.1,3.2,3.2,3.1,3.0,2.9,2.8,2.7,2.6,2.6,2.7,2.7,2.7,2.9,3.0,3.0,3.2,3.6
39580,"Raleigh, NC",39580,3.7,3.6,3.5,3.3,3.3,3.3,3.3,3.2,3.1,3.0,2.8,2.3,2.3,2.3,2.4,2.5,2.7,2.7,2.7,2.6,2.5,2.5,2.7,2.7,2.8,3.1,3.3,3.4,3.2,3.0,3.2,3.3,3.1,3.2,3.3,3.6,3.5,3.6,3.7,3.7,3.9,4.6,5.3
39660,"Rapid City, SD",39660,3.1,2.8,2.8,2.7,2.7,2.7,2.7,2.6,2.4,2.3,2.2,2.1,2.2,2.2,2.3,2.4,2.5,2.5,2.5,2.4,2.4,2.5,2.6,2.7,2.8,3.0,3.0,3.1,3.1,3.1,3.0,3.0,3.0,3.1,3.0,3.2,3.2,3.2,3.1,3.1,3.2,3.4,4.0
39740,"Reading, PA",39740,2.5,2.4,2.4,2.2,2.1,2.1,2.2,2.2,2.3,2.4,2.5,2.5,2.5,2.4,2.3,2.2,2.1,2.1,2.0,1.9,1.9,2.0,2.0,2.2,2.4,2.7,2.7,2.8,2.8,2.8,2.8,2.7,2.7,2.7,2.6,2.6,2.6,2.7,2.5,2.6,2.7,3.1,3.4
39820,"Redding, CA",39820,4.1,4.3,4.3,4.2,4.0,3.9,4.0,3.9,4.4,4.8,4.6,4.6,4.5,4.2,4.1,3.8,3.7,3.5,3.5,3.3,3.4,3.7,4.3,5.2,6.0,6.9,7.0,6.3,5.4,4.6,4.2,3.6,3.8,4.4,4.8,5.1,4.9,4.9,4.8,4.9,5.1,5.9,6.0
39900,"Reno, NV",39900,3.5,3.6,3.7,3.7,3.5,3.4,3.4,3.3,3.2,3.2,3.4,3.4,3.4,3.5,3.6,3.5,3.5,3.4,3.4,3.3,3.2,3.3,3.6,4.1,5.4,6.9,6.7,5.8,4.8,3.6,3.5,3.2,3.3,4.2,4.5,5.1,5.2,5.6,5.8,5.6,5.9,7.0,7.9
40060,"Richmond, VA",40060,3.0,2.9,2.8,2.8,2.7,2.7,2.6,2.7,2.6,2.6,2.6,2.6,2.6,2.6,2.6,2.7,2.7,2.7,2.7,2.7,2.7,2.7,2.9,3.1,3.3,3.8,4.1,4.1,3.8,3.6,3.6,3.5,3.4,3.5,3.7,3.7,3.7,3.8,3.9,3.9,4.2,4.6,5.0
40140,"Riverside-San Bernardino-Ontario, CA",40140,4.7,4.7,4.5,4.0,3.8,3.6,3.5,3.4,3.5,3.7,3.9,4.0,4.1,4.0,3.8,3.5,3.2,3.1,3.0,3.0,3.2,3.5,3.9,4.8,6.2,7.4,7.5,6.8,4.4,3.1,3.4,3.3,3.6,4.6,5.0,5.2,5.3,5.4,5.4,5.4,5.8,6.6,7.0
40220,"Roanoke, VA",40220,3.1,3.1,2.7,2.9,3.0,2.8,2.7,2.7,2.6,2.6,2.6,2.6,2.7,2.8,2.7,2.8,2.8,2.8,2.8,2.8,2.9,3.2,3.4,3.7,3.9,4.2,4.5,4.5,4.4,4.3,4.0,3.7,3.6,3.6,3.6,3.6,3.5,3.7,3.6,3.7,3.8,4.3,4.9
40420,"Rockford, IL",40420,1.8,1.8,1.7,1.7,1.6,1.6,1.5,1.5,1.5,1.5,1.6,1.7,1.8,1.8,1.8,1.7,1.7,1.6,1.6,1.6,1.6,1.7,1.9,2.1,2.3,2.6,2.5,2.5,2.4,2.3,2.4,2.0,1.9,1.8,1.7,1.8,2.0,2.2,2.1,2.2,2.4,2.7,2.9
40340,"Rochester, MN",40340,3.0,2.7,2.6,2.5,2.3,2.3,2.2,2.2,2.1,2.1,2.0,2.1,2.1,2.1,2.1,2.1,2.0,2.0,2.0,2.1,2.2,2.3,2.4,2.5,2.6,2.7,2.7,2.6,2.6,2.6,2.5,2.4,2.4,2.4,2.4,2.4,2.5,2.7,2.8,2.8,2.8,3.1,3.5
40380,"Rochester, NY",40380,2.1,2.1,2.1,2.3,2.3,2.4,2.4,2.5,2.5,2.4,2.4,2.4,2.5,2.4,2.4,2.3,2.3,2.2,2.2,2.1,2.0,2.1,2.2,2.3,2.3,2.4,2.3,2.3,2.3,2.3,2.4,2.5,2.5,2.5,2.5,2.5,2.4,2.4,2.4,2.5,2.7,2.9,3.0
40580,"Rocky Mount, NC",40580,3.3,3.3,3.2,3.0,3.0,3.0,3.0,3.0,2.9,2.7,2.7,2.6,2.6,2.6,2.6,2.6,2.6,2.7,2.7,2.7,2.8,2.9,3.1,3.1,3.2,3.3,3.2,3.1,3.2,3.3,2.9,2.8,2.7,2.7,2.8,2.8,2.9,2.8,2.8,2.8,2.9,3.1,3.7
40660,"Rome, GA",40660,2.7,2.8,2.7,2.6,2.6,2.5,2.5,2.4,2.3,2.2,2.2,2.2,2.2,2.2,2.2,2.3,2.4,2.4,2.5,2.6,2.6,2.8,2.9,3.0,3.1,3.2,3.1,3.1,3.0,3.1,3.0,2.9,2.8,2.8,2.8,2.7,2.8,2.8,2.9,3.1,3.0,3.0,3.5
42220,"Santa Rosa, CA",42220,4.6,4.7,4.5,4.3,3.9,3.8,3.9,4.0,4.5,4.8,4.8,4.9,5.2,5.1,5.0,4.9,4.5,4.3,4.5,4.7,5.7,6.3,6.8,7.6,8.8,10.3,9.8,8.9,6.3,5.5,5.8,5.4,5.7,6.8,7.4,7.6,7.8,8.0,8.0,7.7,7.8,8.1,8.4
40900,"Sacramento-Roseville-Arden-Arcade, CA",40900,3.4,3.6,3.6,3.3,3.2,3.1,3.0,3.0,3.1,3.4,4.0,4.0,3.9,3.7,3.5,3.3,3.0,2.9,3.0,2.9,3.0,3.5,4.2,4.9,6.1,6.9,6.6,5.7,3.7,3.1,3.3,3.0,3.1,4.1,4.5,4.6,4.8,5.0,5.0,5.0,5.2,5.9,6.1
41420,"Salem, OR",41420,3.0,2.7,2.8,2.8,2.6,2.4,2.3,2.2,2.1,2.1,2.2,2.2,2.3,2.4,2.6,2.7,2.7,2.8,2.8,2.8,2.8,3.1,3.3,3.7,3.7,4.1,4.8,5.0,4.6,4.0,3.8,3.2,3.2,3.6,3.8,4.0,4.3,4.7,4.9,5.0,5.4,6.2,6.9
41860,"San Francisco-Oakland-Hayward, CA",41860,6.3,6.2,5.7,5.5,5.2,5.1,5.1,5.4,5.9,6.4,6.3,6.1,6.0,5.8,5.8,5.6,5.6,5.7,5.8,5.9,7.1,7.5,8.3,8.9,10.1,10.8,10.8,10.8,8.3,6.6,7.2,6.6,7.2,8.4,8.7,8.7,8.6,8.8,9.1,8.7,9.4,11.3,11.3
40980,"Saginaw, MI",40980,1.9,2.0,1.9,1.8,1.7,1.6,1.6,1.6,1.7,1.7,1.8,1.9,1.9,1.9,1.9,2.0,2.0,2.1,2.1,2.2,2.2,2.3,2.4,2.5,2.6,2.6,2.5,2.4,2.2,2.2,2.1,2.0,2.0,2.0,2.1,2.2,2.2,2.1,2.1,2.1,2.2,2.5,2.9
41940,"San Jose-Sunnyvale-Santa Clara, CA",41940,4.7,4.8,4.3,4.0,4.0,4.0,4.1,4.2,4.7,5.8,6.2,6.3,6.3,6.3,6.1,5.8,5.6,5.8,5.9,5.6,6.5,7.0,7.3,7.7,8.4,9.5,9.6,9.9,7.9,6.1,7.1,6.6,7.2,8.3,8.9,9.2,9.2,10.0,10.7,9.6,10.2,11.7,12.0
41500,"Salinas, CA",41500,6.1,6.2,6.0,5.7,5.4,5.3,5.5,5.6,6.3,6.9,6.0,5.8,5.4,5.4,5.6,5.3,5.5,5.8,5.6,6.0,6.9,6.9,7.5,8.6,10.2,11.6,11.3,11.1,5.8,3.8,4.5,4.6,5.3,6.7,7.8,8.0,8.0,8.6,8.4,8.1,9.3,10.4,10.2
41740,"San Diego-Carlsbad, CA",41740,5.7,5.6,5.1,4.8,4.6,4.4,4.3,4.4,4.7,5.2,5.2,5.2,5.2,5.0,4.9,4.7,4.6,4.6,4.8,4.9,5.4,5.9,7.1,8.1,10.0,10.3,9.7,9.1,6.4,5.7,6.2,6.0,6.2,7.2,7.6,7.8,7.7,7.9,7.9,7.7,8.1,9.1,9.5
41660,"San Angelo, TX",41660,2.7,2.6,2.7,2.7,2.7,2.7,2.7,2.5,2.3,2.3,2.3,2.2,2.2,2.3,2.2,2.3,2.2,2.2,2.2,2.1,2.1,2.2,2.3,2.3,2.3,2.5,2.6,2.6,2.6,2.8,2.8,2.7,2.6,2.7,2.8,2.9,2.8,2.9,2.9,3.0,2.9,3.1,3.6
41540,"Salisbury, MD-DE",41540,3.4,3.2,3.0,2.8,2.7,2.7,2.8,2.9,3.0,3.1,3.1,3.1,3.2,3.2,3.2,3.1,3.1,3.1,3.0,3.1,3.2,3.5,3.8,4.2,4.8,5.5,5.9,5.9,5.6,5.3,5.0,4.7,4.6,4.5,4.5,4.5,4.5,4.5,4.1,4.0,4.0,4.3,4.9
42200,"Santa Maria-Santa Barbara, CA",42200,7.1,7.0,6.8,6.4,5.9,5.7,6.0,6.2,7.1,7.8,6.4,6.2,6.3,6.0,6.2,5.9,5.7,6.2,5.8,6.3,6.7,7.1,8.3,9.4,11.7,12.7,12.7,13.0,7.4,6.3,7.5,6.5,7.6,9.8,10.7,10.9,10.3,9.8,9.0,8.7,10.1,12.1,11.7
41100,"St. George, UT",41100,4.0,4.3,4.3,4.2,3.8,3.6,3.6,3.4,3.2,3.0,3.1,3.1,3.1,3.2,3.4,3.6,3.7,3.7,3.8,3.7,3.7,4.0,4.2,4.2,4.6,5.8,7.0,6.9,6.2,5.6,5.2,4.8,4.5,4.5,4.4,4.5,4.7,5.2,5.6,5.6,5.8,7.9,9.9
42340,"Savannah, GA",42340,3.2,3.2,3.1,3.0,3.0,2.9,2.9,2.9,2.9,2.7,2.6,2.6,2.7,2.7,2.7,2.7,2.7,2.7,2.7,2.7,2.8,2.9,3.2,3.3,3.5,3.9,4.1,4.3,4.2,4.1,3.9,3.6,3.4,3.4,3.4,3.4,3.5,3.5,3.6,3.7,3.7,4.0,5.0
42100,"Santa Cruz-Watsonville, CA",42100,6.8,6.8,6.5,6.2,5.7,5.5,5.7,5.6,6.2,6.6,6.4,6.0,5.8,5.7,5.5,5.4,5.3,5.6,6.1,6.5,7.8,8.5,9.1,9.6,10.8,12.3,11.5,11.1,8.6,7.3,8.2,7.2,7.6,8.8,10.0,10.3,10.6,10.4,10.6,10.1,10.9,12.7,13.3
41620,"Salt Lake City, UT",41620,3.1,3.1,3.0,2.9,2.9,2.8,2.8,2.6,2.4,2.3,2.2,2.2,2.2,2.4,2.6,2.8,2.9,2.9,2.9,2.9,2.8,2.9,3.0,3.0,3.1,3.3,3.8,4.0,3.9,3.7,3.6,3.2,3.4,3.8,3.8,3.9,4.0,4.2,4.4,4.6,4.9,5.9,6.8
41700,"San Antonio-New Braunfels, TX",41700,3.4,3.3,3.3,3.3,3.3,3.1,3.2,3.0,2.6,2.5,2.4,2.3,2.4,2.6,2.5,2.5,2.5,2.5,2.4,2.3,2.4,2.5,2.7,2.9,2.9,3.1,3.2,3.3,3.2,3.1,3.1,3.0,3.1,3.3,3.4,3.6,3.7,3.8,3.9,3.9,4.0,4.4,4.9
42660,"Seattle-Tacoma-Bellevue, WA",42660,2.7,2.7,2.6,2.6,2.6,2.6,2.5,2.5,2.5,2.8,3.4,3.3,3.4,3.4,3.5,3.5,3.4,3.4,3.5,3.7,3.8,4.2,4.4,4.5,5.1,5.6,6.0,6.1,5.5,4.9,4.8,4.4,4.5,5.0,4.9,5.0,5.2,5.6,5.7,5.7,6.1,6.8,7.3
42700,"Sebring, FL",42700,4.1,4.0,4.1,3.9,3.6,3.4,3.4,3.3,3.2,3.2,3.1,3.0,2.9,2.9,2.8,2.7,2.7,2.7,2.7,2.7,2.7,2.9,3.1,3.3,3.9,4.8,5.5,5.4,4.5,3.8,3.2,2.8,2.7,2.6,2.7,2.9,3.1,3.2,3.3,3.2,3.2,3.8,4.7
42140,"Santa Fe, NM",42140,3.7,3.7,3.9,3.8,3.6,3.5,3.6,3.6,3.5,3.4,3.4,3.4,3.6,3.8,4.0,4.3,4.3,4.2,4.3,4.3,4.4,4.7,4.9,5.3,5.7,6.1,6.4,6.3,6.1,6.1,5.9,5.8,5.6,5.5,5.3,5.3,5.2,5.2,5.2,5.5,5.7,6.1,6.7
43100,"Sheboygan, WI",43100,2.5,2.4,2.2,2.3,2.2,2.1,2.0,2.0,1.9,1.9,1.9,2.0,2.0,2.0,2.1,2.2,2.3,2.3,2.3,2.3,2.3,2.3,2.4,2.4,2.6,2.8,2.9,2.9,2.8,2.8,2.7,2.6,2.6,2.5,2.4,2.4,2.5,2.6,2.6,2.7,2.8,3.2,3.7
43300,"Sherman-Denison, TX",43300,3.0,3.1,3.3,3.2,3.0,2.8,2.8,2.5,2.3,2.2,2.1,2.0,2.1,2.1,2.0,2.0,2.0,2.0,2.0,2.0,2.0,2.1,2.1,2.2,2.2,2.2,2.2,2.1,2.2,2.2,2.2,2.2,2.2,2.3,2.4,2.6,2.8,3.1,3.3,3.4,3.4,4.0,4.3
43340,"Shreveport-Bossier City, LA",43340,3.5,3.5,3.4,3.4,3.3,3.1,3.1,3.0,2.8,2.7,2.7,2.6,2.6,2.6,2.6,2.5,2.6,2.5,2.7,2.6,2.5,2.6,2.7,2.9,3.1,3.4,3.5,3.5,3.5,3.6,3.8,3.8,3.7,3.9,3.7,3.8,4.1,4.1,4.0,4.0,4.0,4.3,4.6
43420,"Sierra Vista-Douglas, AZ",43420,2.6,2.6,2.5,2.6,2.6,2.7,2.9,2.9,2.8,2.7,2.6,2.5,2.4,2.4,2.5,2.5,2.6,2.6,2.6,2.6,2.7,2.8,2.8,2.8,3.0,3.4,3.6,3.4,3.1,2.9,2.9,2.9,3.1,3.2,3.3,3.6,3.7,3.6,3.6,3.8,3.9,4.2,4.8
43580,"Sioux City, IA-NE-SD",43580,2.3,2.2,2.1,2.1,2.0,2.0,1.9,1.8,1.7,1.7,1.7,1.7,1.7,1.8,1.9,1.9,2.0,2.0,2.0,2.0,2.0,2.1,2.2,2.2,2.2,2.1,2.1,2.1,2.0,2.1,2.1,2.0,2.1,2.1,2.1,2.1,2.0,2.0,2.0,2.0,2.1,2.2,2.5
43620,"Sioux Falls, SD",43620,2.7,2.5,2.5,2.4,2.5,2.4,2.4,2.3,2.2,2.1,2.0,2.2,2.3,2.3,2.4,2.4,2.4,2.4,2.3,2.3,2.4,2.5,2.6,2.7,2.8,2.8,2.8,2.7,2.7,2.6,2.7,2.7,2.7,2.8,2.8,2.8,2.9,3.1,3.3,3.3,3.3,3.5,4.1
42020,"San Luis Obispo-Paso Robles-Arroyo Grande, CA",42020,6.6,6.8,6.1,5.5,5.0,5.1,5.4,5.5,6.1,6.7,6.4,6.0,5.7,5.4,5.2,4.9,4.7,4.9,4.6,5.1,5.9,6.6,7.6,8.4,9.5,11.2,10.9,10.0,7.7,6.7,6.9,6.4,6.7,7.5,7.8,7.9,8.0,8.1,8.4,8.3,8.4,9.6,10.5
43780,"South Bend-Mishawaka, IN-MI",43780,1.9,1.9,1.9,1.8,1.8,1.8,1.8,1.8,1.8,1.9,2.0,2.0,2.1,2.0,1.9,2.0,2.1,2.1,2.1,2.1,2.0,2.3,2.2,2.2,2.2,2.3,2.2,2.1,1.9,1.9,1.9,1.9,2.0,2.1,2.2,2.4,2.3,2.4,2.4,2.5,2.6,2.9,3.3
43900,"Spartanburg, SC",43900,2.4,2.5,2.5,2.4,2.3,2.3,2.3,2.2,2.2,2.1,2.2,2.3,2.4,2.3,2.3,2.3,2.5,2.6,2.6,2.6,2.6,2.9,2.9,2.9,2.9,3.1,3.2,3.1,3.1,2.9,2.9,2.9,3.0,3.1,3.0,3.1,3.1,3.2,3.3,3.5,3.7,4.0,4.6
44220,"Springfield, OH",44220,2.4,2.5,2.4,2.3,2.1,2.0,2.0,2.0,2.0,2.0,2.1,2.1,2.2,2.2,2.2,2.2,2.3,2.3,2.3,2.2,2.2,2.3,2.4,2.4,2.5,2.5,2.4,2.3,2.3,2.3,2.3,2.3,2.2,2.2,2.1,2.2,2.1,2.2,2.3,2.3,2.3,2.4,2.8
44140,"Springfield, MA",44140,2.6,2.7,2.9,2.8,3.0,3.2,3.5,4.0,4.3,4.2,4.0,3.9,3.8,3.6,3.4,3.3,3.1,3.0,2.9,2.9,3.0,3.1,3.4,3.7,4.1,4.4,4.4,4.2,3.9,3.6,3.8,3.6,3.5,3.7,3.7,3.7,3.6,3.6,3.7,3.7,3.9,4.5,4.9
44180,"Springfield, MO",44180,4.4,4.1,3.8,3.7,3.7,3.6,3.6,3.6,3.5,3.3,3.0,2.6,2.4,2.5,2.6,2.7,2.6,2.6,2.6,2.5,2.6,2.6,2.6,2.7,3.1,3.2,3.2,2.9,2.9,2.8,2.8,2.6,2.6,2.8,2.8,2.8,2.8,2.9,3.0,3.1,3.3,3.5,4.0
44060,"Spokane-Spokane Valley, WA",44060,2.8,2.6,2.4,2.3,2.5,2.4,2.3,2.2,2.1,2.0,2.1,2.3,2.7,2.9,3.1,3.1,3.1,3.0,2.9,2.9,2.8,2.8,2.8,3.0,3.2,3.8,4.2,4.3,4.1,3.8,3.7,3.5,3.6,3.6,3.7,3.8,4.0,4.0,4.1,4.3,4.8,5.7,6.2
44100,"Springfield, IL",44100,2.6,2.6,2.3,2.2,2.2,2.1,2.1,2.1,2.1,2.1,2.1,2.1,2.1,2.2,2.2,2.3,2.3,2.2,2.2,2.1,2.0,2.1,2.1,2.2,2.2,2.3,2.2,2.2,2.1,2.2,2.4,2.3,2.2,2.1,2.1,2.2,2.3,2.2,2.1,2.3,2.3,2.1,2.2
41060,"St. Cloud, MN",41060,2.8,2.7,2.6,2.6,2.6,2.5,2.5,2.5,2.4,2.4,2.3,2.3,2.3,2.3,2.3,2.3,2.3,2.3,2.2,2.2,2.3,2.6,2.8,3.1,3.4,3.6,3.7,3.6,3.2,3.1,3.1,2.9,2.7,2.7,2.8,2.8,2.8,2.8,2.8,2.8,2.9,3.3,3.7
44300,"State College, PA",44300,2.9,2.8,2.7,2.6,2.5,2.5,2.6,2.7,2.8,2.8,2.7,2.8,2.9,3.0,3.1,3.1,3.0,3.1,3.0,3.0,3.1,3.3,3.4,3.6,3.7,3.9,3.9,3.8,3.7,3.8,3.7,3.7,3.6,3.6,3.5,3.5,3.5,3.6,3.8,3.8,3.8,3.9,4.2
41140,"St. Joseph, MO-KS",41140,2.1,1.9,1.8,1.9,1.9,1.9,2.0,2.0,2.0,1.9,1.7,1.8,1.8,1.9,2.0,1.9,2.1,2.0,2.0,2.0,2.1,2.2,2.3,2.3,2.4,2.5,2.5,2.4,2.3,2.3,2.3,2.2,2.2,2.2,2.2,2.3,2.3,2.3,2.4,2.3,2.4,2.6,3.0
41180,"St. Louis, MO-IL",41180,3.1,2.9,2.7,2.7,2.7,2.7,2.7,2.8,2.7,2.7,2.6,2.6,2.7,2.6,2.5,2.5,2.5,2.5,2.5,2.5,2.5,2.6,2.6,2.7,2.8,3.0,3.0,2.9,2.6,2.5,2.6,2.4,2.4,2.6,2.6,2.7,2.7,2.7,2.8,2.8,3.0,3.2,3.5
44700,"Stockton-Lodi, CA",44700,3.0,3.1,3.0,2.9,2.8,2.7,2.8,2.8,3.2,3.5,3.5,3.6,3.5,3.4,3.2,3.0,2.8,2.6,3.2,3.3,3.7,4.4,5.0,5.5,6.3,7.6,7.5,6.4,4.0,2.9,3.2,3.1,3.2,4.1,4.8,5.1,5.3,5.5,5.7,5.6,5.7,6.1,6.1
44420,"Staunton-Waynesboro, VA",44420,3.2,3.1,2.9,2.9,2.7,2.7,2.6,2.6,2.7,2.7,2.7,2.8,2.9,2.9,2.9,2.9,2.8,2.8,2.8,2.7,2.8,2.9,3.0,3.2,3.4,3.9,4.3,4.5,4.4,4.4,4.2,4.1,4.0,4.0,4.0,4.0,4.0,4.0,4.0,4.1,4.1,4.4,5.1
44940,"Sumter, SC",44940,3.5,3.6,3.5,3.3,3.2,3.1,3.1,3.0,3.0,2.9,2.8,2.8,2.8,2.8,2.6,2.6,2.7,2.6,2.6,2.6,2.6,2.7,2.8,2.9,3.0,3.1,3.1,3.2,3.2,3.2,3.1,3.0,2.9,3.0,2.9,3.0,2.9,2.9,2.9,3.2,3.3,3.9,4.9
42540,"Scranton-Wilkes-Barre-Hazleton, PA",42540,2.3,2.2,2.2,2.1,2.1,2.1,2.2,2.3,2.5,2.5,2.4,2.5,2.6,2.6,2.6,2.5,2.6,2.6,2.6,2.5,2.5,2.6,2.7,2.8,2.9,3.0,3.2,3.2,3.2,3.2,3.1,3.0,3.0,2.9,2.8,2.8,2.7,2.6,2.5,2.5,2.6,2.7,3.0
45060,"Syracuse, NY",45060,2.4,2.4,2.3,2.2,2.3,2.3,2.5,2.6,2.6,2.5,2.5,2.4,2.4,2.5,2.4,2.3,2.2,2.1,2.1,2.0,2.0,2.1,2.1,2.2,2.3,2.4,2.5,2.5,2.4,2.4,2.5,2.4,2.4,2.4,2.3,2.3,2.3,2.2,2.3,2.4,2.5,2.7,3.0
45220,"Tallahassee, FL",45220,3.8,3.7,3.8,3.7,3.5,3.3,3.2,3.1,3.0,3.0,2.9,3.1,3.1,3.2,3.3,3.3,3.5,3.4,3.3,3.2,3.3,3.5,3.7,3.6,3.9,4.0,4.1,4.0,4.3,4.2,4.1,3.7,3.7,3.8,3.8,3.8,3.9,4.0,4.2,4.1,4.3,4.6,5.2
45300,"Tampa-St. Petersburg-Clearwater, FL",45300,3.2,3.2,3.4,3.2,3.1,3.0,3.0,2.9,2.8,2.7,2.7,2.6,2.6,2.6,2.6,2.5,2.5,2.5,2.5,2.5,2.9,3.2,3.4,3.6,3.9,4.7,5.1,4.6,3.8,3.0,3.0,2.7,2.9,3.3,3.3,3.5,3.9,4.2,4.3,4.2,4.5,5.2,6.2
45460,"Terre Haute, IN",45460,1.9,1.9,1.8,1.8,1.7,1.7,1.7,1.7,1.7,1.7,1.6,1.6,1.6,1.7,1.8,1.8,1.9,1.9,2.0,2.0,2.1,2.1,2.2,2.2,2.2,2.2,2.2,2.1,2.0,2.0,1.9,1.9,1.9,2.0,2.0,2.0,2.0,1.9,1.8,1.8,1.9,2.2,2.6
45500,"Texarkana, TX-AR",45500,2.7,2.7,2.8,2.9,2.8,2.7,2.7,2.5,2.4,2.3,2.2,2.2,2.2,2.3,2.2,2.2,2.1,2.2,2.2,2.2,2.2,2.3,2.3,2.4,2.6,2.5,2.5,2.5,2.5,2.5,2.4,2.5,2.5,2.5,2.6,2.8,2.8,2.7,2.6,2.7,2.8,3.0,3.5
45540,"The Villages, FL",45540,3.2,3.1,3.1,3.0,2.9,2.8,2.8,2.8,2.8,2.9,2.9,2.9,3.1,3.1,3.1,3.1,3.1,3.1,3.3,3.3,3.5,3.6,3.7,3.6,3.7,3.9,4.2,3.7,3.3,3.3,3.4,3.4,3.5,3.8,4.1,4.6,5.0,5.2,5.2,5.4,5.3,6.0,7.6
45780,"Toledo, OH",45780,2.5,2.5,2.4,2.2,2.1,1.9,2.0,2.0,2.0,2.1,2.1,2.3,2.4,2.3,2.2,2.2,2.4,2.4,2.5,2.5,2.6,2.7,2.7,2.7,2.7,2.7,2.5,2.4,2.1,1.9,1.9,1.8,1.9,1.9,2.0,2.2,2.4,2.4,2.4,2.4,2.7,2.9,3.1
45820,"Topeka, KS",45820,2.7,2.6,2.3,2.3,2.2,2.1,2.1,2.0,2.0,1.9,1.9,1.9,2.0,2.0,1.9,1.9,2.0,2.0,2.0,2.0,1.9,2.1,2.1,2.3,2.3,2.3,2.4,2.4,2.2,2.3,2.3,2.2,2.2,2.1,2.1,2.2,2.2,2.3,2.3,2.3,2.5,2.9,3.1
45940,"Trenton, NJ",45940,3.1,3.0,2.9,2.8,2.9,3.0,3.4,3.9,4.0,3.7,3.4,3.3,3.1,2.9,2.8,2.7,2.7,2.7,2.6,2.5,2.6,2.8,3.0,3.5,3.7,3.9,4.2,4.3,4.0,3.5,3.5,3.3,3.5,3.5,3.6,3.4,3.3,3.2,3.1,3.2,3.5,4.0,4.1
46060,"Tucson, AZ",46060,3.3,3.3,2.9,3.0,2.8,2.9,2.9,2.9,2.9,2.9,2.9,2.9,3.0,3.1,3.2,3.2,3.3,3.2,3.2,3.2,3.2,3.3,3.8,4.0,4.3,5.4,5.5,5.3,4.5,3.8,3.4,3.0,3.3,3.7,3.8,3.9,3.9,4.1,4.1,4.3,4.6,5.4,6.0
46140,"Tulsa, OK",46140,3.0,2.9,3.1,3.1,2.9,2.8,2.8,2.7,2.4,2.4,2.3,2.2,2.3,2.3,2.3,2.4,2.5,2.4,2.4,2.5,2.6,2.7,2.7,2.8,2.8,2.9,3.0,2.9,2.8,2.8,2.9,2.8,2.8,2.9,2.9,2.9,2.9,3.0,3.0,3.0,3.3,3.7,4.0
46220,"Tuscaloosa, AL",46220,3.7,3.5,3.3,3.3,3.3,3.2,3.2,3.2,3.2,3.0,2.9,3.0,3.0,3.1,3.2,3.3,3.4,3.4,3.4,3.3,3.4,3.6,3.6,3.7,3.8,3.9,4.0,3.8,3.7,3.7,3.6,3.5,3.5,3.4,3.4,3.6,3.5,3.5,3.5,3.6,3.7,4.0,4.7
46300,"Twin Falls, ID",46300,2.6,2.7,2.6,2.6,2.5,2.5,2.4,2.3,2.2,2.1,2.0,2.1,2.2,2.3,2.4,2.5,2.5,2.6,2.6,2.6,2.6,2.8,2.9,3.0,3.1,3.3,3.8,4.0,4.0,3.9,3.7,3.4,3.4,3.5,3.6,3.5,3.5,3.7,3.9,4.0,4.3,5.6,7.1
46340,"Tyler, TX",46340,3.0,3.0,3.1,3.0,2.9,2.9,3.0,2.8,2.6,2.5,2.6,2.6,2.6,2.6,2.7,2.6,2.6,2.6,2.5,2.5,2.5,2.6,2.7,2.8,2.9,3.0,3.0,3.0,2.9,3.0,2.9,2.8,2.7,2.8,3.0,3.1,3.1,3.2,3.3,3.3,3.4,3.8,4.5
46540,"Utica-Rome, NY",46540,2.0,1.9,2.0,1.9,2.1,2.3,2.5,2.7,2.7,2.6,2.6,2.6,2.6,2.6,2.4,2.3,2.2,2.1,2.1,2.1,2.0,2.2,2.2,2.3,2.4,2.5,2.5,2.5,2.5,2.4,2.4,2.3,2.4,2.3,2.3,2.2,2.2,2.1,2.2,2.2,2.3,2.5,2.8
46660,"Valdosta, GA",46660,3.4,3.5,3.4,3.3,3.2,3.2,3.2,3.1,3.1,2.9,2.8,2.8,2.8,2.7,2.7,2.7,2.8,2.8,2.8,2.9,3.0,3.1,3.2,3.3,3.3,3.4,3.5,3.6,3.5,3.6,3.7,3.6,3.5,3.4,3.6,3.7,3.6,3.7,3.7,3.6,3.6,4.3,5.3
46700,"Vallejo-Fairfield, CA",46700,3.7,3.7,3.4,3.2,2.9,2.8,3.0,3.1,3.5,3.9,3.8,3.8,3.6,3.4,3.4,3.3,3.0,2.9,3.0,2.9,3.4,4.0,4.5,5.1,6.0,7.2,7.1,6.1,4.1,3.0,3.2,2.9,3.1,4.1,4.7,4.9,5.2,5.2,5.4,5.3,5.7,6.4,6.6
42680,"Sebastian-Vero Beach, FL",42680,4.1,4.1,4.3,4.3,4.1,3.8,3.7,3.5,3.3,3.2,3.2,3.3,3.5,3.4,3.3,3.2,3.1,3.0,3.0,3.0,3.0,3.1,3.4,3.6,4.1,5.1,5.2,4.6,3.7,2.9,2.9,2.8,3.1,3.4,3.4,3.7,3.9,4.2,4.2,3.9,4.1,5.5,6.7
47020,"Victoria, TX",47020,2.5,2.4,2.5,2.6,2.6,2.6,2.7,2.6,2.4,2.3,2.2,2.2,2.2,2.2,2.2,2.1,2.1,2.0,2.0,2.0,2.1,2.2,2.3,2.3,2.3,2.3,2.3,2.3,2.4,2.4,2.4,2.3,2.4,2.4,2.5,2.5,2.4,2.6,2.6,2.6,2.7,3.0,3.5
47220,"Vineland-Bridgeton, NJ",47220,2.0,2.0,1.9,1.9,2.0,2.1,2.4,2.6,2.6,2.4,2.4,2.4,2.4,2.4,2.4,2.3,2.3,2.3,2.3,2.3,2.3,2.4,2.7,2.9,3.1,3.5,3.8,3.9,3.8,3.4,3.3,3.2,3.3,3.3,3.3,3.3,3.2,3.3,3.2,3.2,3.2,3.7,4.3
47260,"Virginia Beach-Norfolk-Newport News, VA-NC",47260,2.8,2.7,2.6,2.6,2.7,2.7,2.7,2.7,2.7,2.7,2.6,2.8,2.8,2.9,3.0,2.9,2.9,2.7,2.7,2.6,2.6,2.6,2.8,2.9,3.3,3.8,4.3,4.3,3.9,3.6,3.6,3.2,3.3,3.3,3.3,3.4,3.4,3.5,3.5,3.5,3.7,3.9,4.2
47300,"Visalia-Porterville, CA",47300,2.8,2.9,2.8,2.8,2.7,2.7,2.8,2.8,3.2,3.5,3.4,3.6,3.7,3.6,3.5,3.4,3.1,2.8,2.6,2.5,2.5,2.5,3.2,3.6,4.4,5.8,5.9,5.2,4.1,3.0,3.1,2.8,3.1,3.6,4.1,4.2,4.5,4.6,4.5,4.3,4.5,5.5,6.0
47380,"Waco, TX",47380,2.7,2.8,2.9,2.9,2.8,2.8,2.8,2.7,2.5,2.5,2.5,2.4,2.4,2.4,2.3,2.3,2.3,2.2,2.2,2.2,2.2,2.3,2.5,2.5,2.6,2.7,2.6,2.6,2.6,2.7,2.7,2.7,2.7,2.7,2.8,2.9,2.9,3.1,3.3,3.3,3.2,3.4,3.9
48060,"Watertown-Fort Drum, NY",48060,2.0,2.0,2.1,2.0,2.2,2.3,2.4,2.5,2.4,2.3,2.2,2.1,2.1,2.1,2.0,2.0,1.9,1.8,1.8,1.8,1.9,2.0,2.0,2.0,2.1,2.3,2.4,2.5,2.4,2.4,2.4,2.4,2.5,2.5,2.5,2.8,2.9,2.9,2.9,2.8,2.8,2.9,3.1
47940,"Waterloo-Cedar Falls, IA",47940,1.6,1.6,1.5,1.6,1.6,1.6,1.6,1.5,1.4,1.4,1.5,1.6,1.6,1.7,1.7,1.7,1.8,1.9,1.9,2.0,2.1,2.2,2.2,2.2,2.3,2.4,2.6,2.5,2.4,2.4,2.5,2.4,2.4,2.5,2.5,2.4,2.3,2.3,2.2,2.2,2.3,2.4,2.6
47460,"Walla Walla, WA",47460,2.6,2.5,2.3,2.2,2.0,2.0,1.9,1.9,1.8,1.9,2.2,2.3,2.5,2.7,3.0,3.2,3.1,3.1,3.1,3.0,3.1,3.3,3.4,3.6,4.0,4.4,4.8,5.0,5.1,5.0,4.7,4.6,4.5,4.5,4.5,4.4,4.5,4.5,4.5,4.5,4.6,5.1,5.9
47580,"Warner Robins, GA",47580,2.7,2.7,2.5,2.4,2.4,2.4,2.4,2.4,2.4,2.3,2.3,2.3,2.3,2.3,2.3,2.3,2.3,2.3,2.3,2.3,2.3,2.4,2.5,2.5,2.6,2.7,2.7,2.7,2.7,2.7,2.7,2.6,2.6,2.6,2.8,2.8,2.8,2.9,3.1,3.0,3.0,3.3,4.0
47900,"Washington-Arlington-Alexandria, DC-VA-MD-WV",47900,3.2,3.2,3.0,2.9,2.8,2.7,2.7,2.8,3.0,3.0,3.1,3.2,3.2,3.2,3.1,3.0,2.9,2.9,2.8,2.7,2.6,3.0,3.5,3.9,4.6,5.5,5.3,5.0,3.9,3.5,3.7,3.6,3.9,4.2,4.1,4.1,4.0,4.1,4.1,4.1,4.3,4.8,5.1
48140,"Wausau, WI",48140,2.6,2.4,2.2,2.3,2.2,2.1,2.0,2.0,1.9,1.9,1.8,1.8,1.9,1.9,2.0,2.0,2.0,2.1,2.1,2.1,2.1,2.2,2.3,2.3,2.4,2.6,2.6,2.6,2.6,2.5,2.5,2.4,2.5,2.5,2.5,2.5,2.4,2.4,2.4,2.5,2.4,2.5,2.8
48260,"Weirton-Steubenville, WV-OH",48260,2.1,2.0,2.0,2.0,2.0,2.0,2.1,2.1,2.0,1.9,1.9,1.9,2.1,2.1,2.1,2.1,2.2,2.2,2.3,2.1,2.1,2.2,2.2,2.2,2.2,2.2,2.1,2.1,2.0,2.1,2.0,2.1,2.0,2.0,1.9,2.0,2.0,2.0,1.9,1.9,2.1,2.2,2.6
48300,"Wenatchee, WA",48300,2.9,3.0,2.8,2.7,2.6,2.8,2.9,2.9,2.6,2.6,2.7,2.9,3.2,3.4,3.8,3.9,3.9,3.7,3.7,3.7,3.8,3.9,3.8,3.8,3.9,4.1,4.6,5.1,5.0,4.8,4.6,4.6,4.5,4.7,4.7,5.0,5.0,5.3,5.6,5.8,6.2,6.9,8.0
48540,"Wheeling, WV-OH",48540,3.2,3.0,2.8,2.7,2.6,2.6,2.7,2.6,2.4,2.3,2.3,2.3,2.6,2.5,2.6,2.6,2.6,2.5,2.6,2.5,2.4,2.6,2.6,2.7,2.8,2.8,2.8,2.7,2.6,2.6,2.4,2.4,2.4,2.4,2.4,2.5,2.4,2.4,2.4,2.3,2.4,2.6,2.8
48620,"Wichita, KS",48620,2.7,2.6,2.6,2.6,2.4,2.4,2.4,2.3,2.2,2.1,2.0,2.0,2.1,2.1,2.2,2.2,2.2,2.1,2.1,2.2,2.1,2.2,2.3,2.3,2.3,2.4,2.4,2.4,2.5,2.4,2.4,2.4,2.3,2.4,2.4,2.5,2.5,2.4,2.5,2.6,2.9,3.1,3.4
48660,"Wichita Falls, TX",48660,2.8,2.7,2.9,2.8,2.8,2.7,2.8,2.6,2.4,2.3,2.2,2.3,2.3,2.3,2.3,2.3,2.3,2.3,2.2,2.2,2.2,2.3,2.3,2.4,2.4,2.5,2.5,2.5,2.4,2.4,2.5,2.4,2.3,2.3,2.4,2.2,2.4,2.4,2.4,2.4,2.6,2.9,3.2
48700,"Williamsport, PA",48700,2.3,2.2,2.1,2.1,2.0,2.0,1.9,2.0,2.1,2.1,2.1,2.2,2.4,2.5,2.5,2.5,2.6,2.5,2.5,2.4,2.4,2.5,2.6,2.6,2.7,2.8,2.8,2.8,2.9,2.9,2.8,2.8,2.7,2.7,2.7,2.8,2.7,2.8,2.9,2.9,3.0,3.0,3.3
48900,"Wilmington, NC",48900,3.5,3.5,3.5,3.4,3.5,3.5,3.5,3.5,3.4,3.3,3.3,3.3,3.4,3.4,3.5,3.6,3.7,3.7,3.7,3.7,3.7,3.9,4.0,4.1,4.2,4.8,5.4,5.5,5.4,5.2,4.9,4.4,4.2,4.2,4.2,4.2,4.3,4.6,4.6,4.5,4.8,5.3,6.1
49020,"Winchester, VA-WV",49020,3.7,3.6,3.4,3.4,3.3,3.2,3.0,3.1,3.2,3.3,3.3,3.4,3.4,3.3,3.1,3.0,3.0,2.9,2.9,2.8,2.9,3.1,3.5,4.0,4.8,5.9,6.5,6.3,5.6,5.6,5.0,4.7,4.2,4.1,3.9,3.9,3.8,3.8,3.7,3.8,3.9,4.3,4.9
49180,"Winston-Salem, NC",49180,2.4,2.4,2.3,2.3,2.3,2.3,2.3,2.3,2.3,2.2,2.2,2.2,2.2,2.2,2.2,2.2,2.2,2.2,2.2,2.2,2.3,2.4,2.5,2.6,2.6,2.7,2.7,2.7,2.7,2.8,2.8,2.8,2.9,3.0,3.1,3.2,3.1,3.2,3.3,3.4,3.7,4.1,4.8
49340,"Worcester, MA-CT",49340,2.8,2.9,2.9,2.9,3.2,3.6,4.1,4.3,4.2,4.0,3.9,3.7,3.6,3.5,3.5,3.3,3.2,3.2,3.1,2.8,2.7,2.9,4.2,4.6,4.9,4.9,4.5,4.2,3.6,3.3,3.5,3.4,3.3,3.6,3.7,3.7,3.5,3.6,3.7,3.8,4.1,4.4,4.7
49420,"Yakima, WA",49420,2.8,2.8,2.6,2.5,2.4,2.3,2.2,2.1,2.0,2.1,2.4,2.4,2.5,2.7,3.0,3.1,3.1,3.0,3.0,3.0,2.9,3.0,3.3,3.4,3.5,3.5,3.4,3.6,3.5,3.5,3.7,3.5,3.7,3.6,3.6,3.6,3.9,4.1,4.3,4.5,4.9,5.3,5.7
49620,"York-Hanover, PA",49620,2.4,2.4,2.3,2.3,2.2,2.2,2.3,2.4,2.5,2.6,2.6,2.6,2.6,2.6,2.5,2.5,2.4,2.4,2.4,2.3,2.3,2.4,2.4,2.5,2.7,3.0,3.2,3.2,3.1,2.9,2.8,2.7,2.6,2.6,2.7,2.7,2.7,2.7,2.7,2.7,2.8,3.0,3.2
49660,"Youngstown-Warren-Boardman, OH-PA",49660,1.9,1.9,1.9,1.9,1.9,1.8,1.9,1.9,1.9,1.9,1.9,2.0,2.0,2.1,2.1,2.0,2.1,2.2,2.2,2.1,2.0,2.2,2.3,2.3,2.3,2.2,2.1,1.9,1.7,1.7,1.7,1.8,1.6,1.8,1.8,1.8,1.9,1.9,2.0,2.1,2.3,2.6,2.8
49700,"Yuba City, CA",49700,3.4,3.4,3.1,2.9,2.8,2.7,2.6,2.6,2.8,3.1,3.2,3.3,3.4,3.4,3.3,3.3,3.1,3.0,3.0,2.9,3.0,3.4,4.0,4.8,5.9,7.3,7.5,6.6,5.1,4.7,4.4,4.1,3.9,4.1,4.3,4.5,4.7,5.1,5.3,5.5,5.7,6.5,7.0
49740,"Yuma, AZ",49740,2.7,2.8,2.7,2.8,2.8,2.8,2.9,2.8,2.7,2.7,2.7,2.7,2.7,2.7,2.6,2.6,2.6,2.5,2.6,2.6,2.6,2.6,2.6,2.6,2.7,3.4,3.7,3.6,3.2,2.9,2.8,2.7,2.8,3.0,3.1,3.2,3.2,3.2,3.3,3.3,3.2,3.6,4.2
