GEOID,Metro Area,GEOID,1980,1981,1982,1983,1984,1985,1986,1987,1988,1989,1990,1991,1992,1993,1994,1995,1996,1997,1998,1999,2000,2001,2002,2003,2004,2005,2006,2007,2008,2009,2010,2011,2012,2013,2014,2015,2016,2017,2018,2019,2020,2021,2022,2023,2024
10540,"Albany, OR",10540,3.2,2.9,2.8,2.8,2.5,2.4,2.3,2.1,2.0,2.0,2.2,2.3,2.5,2.8,3.0,3.2,3.3,3.4,3.5,3.5,3.6,3.7,3.7,3.7,3.7,4.0,4.4,4.5,4.3,4.2,3.9,3.8,3.6,3.7,3.9,4.0,4.1,4.4,4.6,4.5,4.5,5.1,5.7,5.7,5.7
10180,"Abilene, TX",10180,3.1,2.9,2.9,2.9,2.7,2.6,2.6,2.4,2.2,2.1,2.0,2.1,2.2,2.2,2.2,2.1,2.1,2.1,2.1,2.1,2.1,2.2,2.3,2.3,2.4,2.4,2.5,2.5,2.5,2.6,2.7,2.9,2.9,2.9,3.0,3.3,3.2,3.3,3.3,3.4,3.6,3.8,4.2,3.9,4.0
10500,"Albany, GA",10500,3.2,3.3,3.2,3.1,3.0,3.0,3.0,2.9,2.9,2.8,2.7,2.7,2.7,2.6,2.6,2.5,2.6,2.5,2.5,2.6,2.6,2.7,2.8,2.9,2.9,2.9,3.0,3.1,3.1,3.2,3.1,2.9,2.8,2.8,2.9,3.0,3.1,3.2,3.3,3.2,3.4,3.6,4.1,4.2,4.3
10420,"Akron, OH",10420,2.2,2.2,1.9,2.1,1.9,1.9,1.9,2.0,2.0,2.2,2.2,2.3,2.5,2.5,2.4,2.5,2.6,2.6,2.6,2.4,2.5,2.6,2.7,2.7,2.6,2.7,2.5,2.5,2.1,1.8,2.3,1.9,2.2,2.3,2.3,2.2,2.3,2.4,2.5,2.6,2.7,2.8,2.9,2.8,2.9
10580,"Albany-Schenectady-Troy, NY",10580,2.3,2.3,2.3,2.3,2.4,2.5,2.8,3.1,3.2,3.2,3.1,3.1,3.1,3.1,3.1,2.9,2.8,2.7,2.6,2.4,2.4,2.6,2.7,3.0,3.3,3.6,3.7,3.6,3.5,3.3,3.4,3.3,3.4,3.3,3.3,3.2,3.1,3.0,2.9,3.0,3.1,3.3,3.4,3.6,3.7
10740,"Albuquerque, NM",10740,3.5,3.5,3.2,3.4,3.3,3.3,3.3,3.3,3.2,3.1,3.0,3.0,3.1,3.2,3.3,3.4,3.4,3.5,3.4,3.3,3.3,3.4,3.3,3.3,3.4,3.8,4.1,4.3,4.1,3.8,3.9,3.6,3.6,3.7,3.7,3.7,3.8,3.9,3.8,4.0,4.2,4.8,5.2,5.2,5.3
10780,"Alexandria, LA",10780,3.2,3.3,3.4,3.5,3.4,3.3,3.4,3.2,3.0,2.9,2.8,2.8,2.8,2.7,2.7,2.7,2.7,2.7,2.7,2.7,2.7,2.8,2.9,3.0,3.0,3.1,3.2,3.1,3.1,3.1,3.2,3.1,3.1,3.0,3.1,3.2,3.3,3.2,3.1,3.0,3.1,3.2,3.3,3.4,3.4
10900,"Allentown-Bethlehem-Easton, PA-NJ",10900,2.5,2.5,2.4,2.3,2.3,2.4,2.5,2.9,3.2,3.1,3.1,3.0,3.0,2.9,2.8,2.7,2.6,2.6,2.5,2.4,2.5,2.6,3.4,3.8,4.1,4.7,4.7,4.7,4.3,3.9,4.1,3.4,3.4,3.1,3.0,2.9,3.0,2.9,3.0,3.0,3.2,3.6,3.9,4.0,4.1
11020,"Altoona, PA",11020,1.8,1.8,1.7,1.7,1.6,1.6,1.6,1.7,1.8,1.7,1.7,1.8,1.8,1.9,1.9,2.0,2.0,2.0,2.1,2.1,2.1,2.2,2.3,2.3,2.4,2.4,2.4,2.3,2.4,2.5,2.5,2.4,2.5,2.5,2.4,2.4,2.4,2.4,2.3,2.3,2.3,2.4,2.7,2.9,2.9
11100,"Amarillo, TX",11100,2.6,2.6,2.3,2.5,2.6,2.5,2.5,2.5,2.3,2.1,2.1,2.1,2.0,2.1,2.1,2.2,2.3,2.3,2.3,2.3,2.3,2.4,2.5,2.5,2.6,2.7,2.8,2.7,2.8,2.7,2.7,2.7,2.8,2.8,2.8,2.8,2.9,2.9,3.0,3.0,3.2,3.4,3.5,3.5,3.5
11180,"Ames, IA",11180,2.8,2.7,2.5,2.6,2.5,2.4,2.3,2.2,2.1,2.1,2.1,2.1,2.2,2.3,2.3,2.3,2.4,2.4,2.5,2.4,2.5,2.6,2.7,2.7,2.9,2.9,2.9,2.8,2.7,2.8,2.8,2.7,2.8,2.8,2.9,2.9,2.8,2.8,2.8,2.8,2.8,3.0,3.2,3.3,3.4
11260,"Anchorage, AK",11260,3.1,3.3,3.7,3.6,3.7,3.6,3.6,3.1,3.2,2.7,2.6,2.7,2.8,2.8,2.9,3.0,3.1,3.1,3.1,3.2,3.3,3.5,3.7,3.8,4.1,4.5,4.7,4.5,4.3,4.2,4.2,4.3,4.2,4.2,4.2,4.2,4.3,4.2,4.3,4.1,4.3,4.3,4.4,4.5,4.5
11500,"Anniston-Oxford, AL",11500,2.7,2.6,2.5,2.4,2.4,2.3,2.4,2.4,2.4,2.3,2.3,2.2,2.3,2.3,2.3,2.4,2.4,2.4,2.5,2.5,2.5,2.6,2.7,2.8,2.7,2.8,2.9,3.0,3.0,3.0,2.9,2.7,2.7,2.6,2.6,2.5,2.4,2.4,2.7,2.5,2.7,3.1,3.3,3.5,3.5
11460,"Ann Arbor, MI",11460,3.5,3.5,3.1,2.9,2.6,2.5,2.6,2.8,3.0,3.1,3.2,3.2,3.3,3.2,3.2,3.3,3.5,3.5,3.5,3.6,3.8,3.9,4.2,4.3,4.5,4.6,4.3,4.0,3.7,3.5,3.4,3.4,3.3,3.5,3.7,3.6,3.7,3.7,3.8,3.9,4.0,4.4,4.6,5.2,5.4
11540,"Appleton, WI",11540,2.4,2.2,2.0,2.1,2.0,1.9,1.9,1.8,1.8,1.8,1.8,1.8,1.8,1.9,1.9,1.9,1.9,1.9,1.9,1.9,2.0,2.0,2.2,2.2,2.3,2.4,2.4,2.4,2.3,2.1,2.1,2.0,2.1,2.4,2.4,2.3,2.4,2.5,2.6,2.8,2.9,3.2,3.3,3.4,3.5
11700,"Asheville, NC",11700,3.5,3.5,3.4,3.2,3.2,3.3,3.3,3.3,3.2,3.1,3.1,3.1,3.2,3.1,3.2,3.3,3.3,3.4,3.6,3.6,3.8,3.9,4.1,4.3,4.4,4.6,4.8,5.0,5.0,4.9,4.7,4.4,4.2,4.1,4.2,4.2,4.4,4.4,4.6,4.5,4.5,5.0,5.9,6.1,6.3
12100,"Atlantic City-Hammonton, NJ",12100,3.4,3.2,2.8,2.6,2.7,2.8,3.1,3.5,3.5,3.4,3.3,3.2,3.1,2.9,2.9,2.8,2.7,2.7,2.7,2.7,2.8,3.0,3.5,3.9,4.5,5.3,5.4,5.5,5.3,5.0,4.9,4.8,4.7,4.5,4.4,4.2,3.8,3.6,3.6,3.8,4.1,4.6,4.9,4.9,5.2
12020,"Athens-Clarke County, GA",12020,3.6,3.8,3.8,3.6,3.6,3.5,3.4,3.3,3.3,3.2,3.2,3.3,3.2,3.1,3.1,3.1,3.3,3.2,3.2,3.2,3.4,3.6,3.8,3.9,4.1,4.1,4.1,4.0,3.9,3.9,3.8,3.5,3.5,3.5,3.6,3.6,4.0,4.1,4.2,4.4,4.4,5.0,5.5,5.5,5.4
11200,"Amherst Town-Northampton, MA",11200,2.8,2.9,3.0,2.9,3.0,3.2,3.5,4.0,4.2,4.2,3.9,3.8,3.8,3.7,3.4,3.3,3.1,3.0,3.0,3.0,3.0,3.2,3.6,3.9,4.3,4.7,4.7,4.5,4.2,3.8,3.9,3.7,3.6,3.8,3.7,3.8,3.7,3.6,3.6,3.7,4.0,4.5,4.9,4.9,5.3
12060,"Atlanta-Sandy Springs-Roswell, GA",12060,2.6,2.6,2.6,2.5,2.4,2.4,2.4,2.4,2.4,2.4,2.5,2.4,2.4,2.4,2.4,2.3,2.3,2.3,2.4,2.4,2.5,2.6,2.8,2.9,2.9,3.0,2.9,2.8,2.5,2.1,2.0,1.8,1.8,2.4,2.7,2.8,2.9,3.0,3.2,3.3,3.5,4.0,4.4,4.3,4.3
12260,"Augusta-Richmond County, GA-SC",12260,2.7,2.7,2.7,2.6,2.6,2.5,2.6,2.5,2.4,2.3,2.2,2.3,2.3,2.4,2.4,2.4,2.4,2.4,2.4,2.4,2.4,2.6,2.7,2.7,2.8,3.0,3.1,3.3,3.3,3.4,3.3,3.1,3.0,3.0,3.0,3.0,3.0,3.1,3.1,3.2,3.2,3.5,4.0,4.0,4.1
12220,"Auburn-Opelika, AL",12220,3.5,3.3,3.1,3.0,2.9,2.9,2.9,2.9,2.8,2.7,2.6,2.6,2.6,2.6,2.6,2.6,2.7,2.7,2.7,2.7,2.7,2.7,2.7,2.7,2.7,2.8,2.8,3.6,4.1,4.1,4.1,3.8,3.7,3.7,3.6,3.8,3.5,3.6,3.6,3.6,3.4,2.7,2.8,2.7,2.7
12420,"Austin-Round Rock-San Marcos, TX",12420,3.3,3.1,3.0,3.2,3.4,3.5,3.5,3.2,2.8,2.5,2.4,2.5,2.7,2.8,2.8,2.8,2.8,2.9,2.8,2.7,2.9,3.0,3.2,3.2,3.1,3.2,3.3,3.3,3.3,3.3,3.4,3.4,3.5,3.6,3.8,3.9,4.0,4.0,4.1,4.1,4.4,5.5,5.8,4.9,4.7
12540,"Bakersfield-Delano, CA",12540,4.5,4.4,4.1,4.3,4.1,4.0,4.0,3.9,3.8,3.8,3.9,4.0,4.1,4.2,4.0,3.8,3.7,3.5,3.5,3.4,3.3,3.4,3.7,4.1,5.0,6.4,7.0,6.4,4.7,3.9,3.6,3.4,3.5,3.9,4.2,4.3,4.3,4.5,4.6,4.6,4.9,5.3,5.7,5.4,5.4
12580,"Baltimore-Columbia-Towson, MD",12580,2.1,2.1,1.9,2.0,2.0,2.0,2.0,2.1,2.2,2.2,2.4,2.4,2.5,2.5,2.5,2.3,2.2,2.2,2.1,2.1,2.5,2.5,2.9,3.4,3.9,4.5,4.6,4.5,4.2,3.8,3.8,3.5,3.6,3.6,3.4,3.3,3.3,3.3,3.5,3.6,3.8,4.1,4.2,4.1,4.2
12620,"Bangor, ME",12620,2.4,2.5,2.1,2.1,2.1,2.2,2.3,2.5,2.5,2.5,2.6,2.6,2.6,2.6,2.5,2.4,2.5,2.4,2.4,2.3,2.3,2.4,2.6,2.7,2.8,3.1,3.1,3.1,3.1,3.0,3.1,3.0,3.0,3.0,3.0,3.0,2.8,2.8,2.9,3.0,3.0,3.2,3.4,3.5,3.6
12700,"Barnstable Town, MA",12700,3.1,3.3,3.2,3.2,3.5,3.9,4.3,4.6,4.6,4.5,4.6,4.5,4.4,4.2,4.0,3.9,3.8,3.8,3.7,3.9,4.3,4.7,5.7,6.6,7.2,7.2,6.7,6.5,5.8,5.5,5.8,5.4,5.3,5.4,5.3,5.5,5.3,5.5,5.5,5.6,6.1,7.4,7.8,7.9,8.2
12980,"Battle Creek, MI",12980,1.8,1.8,1.6,1.6,1.5,1.5,1.5,1.6,1.6,1.6,1.6,1.6,1.7,1.6,1.7,1.7,1.8,1.9,2.0,2.1,2.1,2.2,2.3,2.4,2.5,2.5,2.5,2.4,2.4,2.2,2.1,2.0,2.0,2.0,2.1,2.2,2.3,2.3,2.3,2.3,2.3,2.5,2.8,3.0,3.2
13020,"Bay City, MI",13020,2.0,1.9,1.7,1.6,1.5,1.5,1.5,1.6,1.6,1.6,1.7,1.7,1.8,1.8,1.9,1.9,2.0,2.0,2.1,2.2,2.2,2.3,2.4,2.5,2.5,2.5,2.5,2.3,2.2,2.0,1.9,1.9,1.9,1.9,2.0,2.1,2.2,2.2,2.1,2.0,2.0,2.2,2.6,2.7,2.8
13460,"Bend, OR",13460,3.5,3.4,3.2,3.2,3.0,2.8,2.7,2.6,2.5,2.6,2.7,2.8,2.9,3.0,3.1,3.2,3.3,3.3,3.4,3.4,3.6,4.0,4.4,4.7,5.1,6.1,7.6,7.7,6.8,6.5,6.3,6.2,6.3,7.1,7.8,8.2,8.4,8.7,8.8,9.2,9.3,10.7,11.1,10.1,10.1
13220,"Beckley, WV",13220,3.4,3.0,2.6,2.8,2.7,2.6,2.7,2.7,2.6,2.6,2.5,2.4,2.6,2.6,2.6,2.6,2.6,2.5,2.6,2.6,2.6,2.7,2.7,2.7,2.7,2.7,2.7,2.7,2.7,2.7,2.5,2.5,2.4,2.4,2.4,2.3,2.2,2.1,2.1,2.1,2.2,2.3,2.4,2.4,2.5
13380,"Bellingham, WA",13380,3.7,3.7,3.5,3.5,3.2,3.1,3.0,2.7,2.7,2.9,3.2,3.4,3.6,3.8,4.0,4.0,4.0,4.0,4.0,4.0,4.1,4.3,4.5,4.7,5.3,6.2,6.7,6.7,6.5,6.3,6.2,5.7,5.7,5.7,5.8,5.9,6.1,6.5,6.7,6.8,6.9,7.8,8.9,9.0,9.6
13780,"Binghamton, NY",13780,2.1,1.9,1.9,1.8,1.9,2.1,2.3,2.5,2.5,2.4,2.4,2.4,2.5,2.4,2.3,2.1,2.0,1.9,2.0,1.9,1.9,2.0,2.0,2.1,2.2,2.3,2.3,2.5,2.5,2.6,2.5,2.4,2.3,2.3,2.3,2.2,2.2,2.1,2.3,2.2,2.2,2.5,2.5,2.5,2.6
13820,"Birmingham, AL",13820,3.5,3.5,3.3,3.3,3.3,3.2,3.2,3.2,3.2,3.0,3.0,3.1,3.2,3.2,3.2,3.2,3.4,3.4,3.3,3.3,3.2,3.3,3.4,3.4,3.5,3.6,3.7,3.4,3.2,3.1,3.2,3.1,3.2,3.5,3.4,3.5,3.6,3.6,3.7,3.8,4.1,4.3,4.6,4.3,4.4
13980,"Blacksburg-Christiansburg-Radford, VA",13980,3.2,3.2,2.9,2.9,2.8,2.8,2.8,3.0,3.2,3.3,3.3,3.2,3.3,3.4,3.3,3.4,3.3,3.3,3.4,3.4,3.5,3.5,3.6,3.7,3.9,4.2,4.3,4.3,4.3,4.3,4.1,3.9,3.9,3.8,3.7,3.5,3.4,3.6,3.7,4.0,4.2,4.5,4.6,4.6,4.8
14500,"Boulder, CO",14500,4.0,3.9,4.2,3.8,3.7,3.7,3.7,3.6,3.4,3.3,3.4,3.6,3.8,4.2,4.7,4.8,4.8,4.7,4.6,4.6,5.0,5.3,5.6,5.5,5.6,5.9,6.0,5.8,5.5,5.4,5.6,5.5,5.6,5.8,5.9,6.3,6.7,7.1,7.2,7.1,7.2,8.5,9.0,9.0,8.9
13740,"Billings, MT",13740,3.3,3.1,3.1,2.9,3.2,3.1,3.0,2.8,2.7,2.6,2.5,2.5,2.6,2.7,2.8,2.9,3.0,3.0,3.0,2.9,2.9,3.0,3.1,3.2,3.4,3.7,3.7,3.7,3.7,3.7,3.7,3.6,3.6,3.6,3.6,3.8,3.9,4.0,4.1,4.2,4.3,4.7,5.4,5.9,6.3
14020,"Bloomington, IN",14020,3.0,3.0,2.8,2.8,2.7,2.7,2.7,2.7,2.6,2.6,2.7,2.7,2.8,2.9,3.1,3.2,3.2,3.2,3.2,3.2,3.3,3.3,3.4,3.4,3.5,3.6,3.5,3.4,3.5,3.5,3.6,3.4,3.3,3.2,3.2,3.4,3.3,3.3,3.3,3.2,3.3,3.6,4.1,4.3,4.5
14010,"Bloomington, IL",14010,3.0,3.1,2.6,2.7,2.6,2.6,2.6,2.6,2.6,2.5,2.4,2.4,2.4,2.5,2.6,2.6,2.7,2.6,2.6,2.5,2.5,2.5,2.6,2.8,2.9,3.0,2.8,2.7,2.7,2.6,2.8,2.6,2.6,2.5,2.5,2.5,2.4,2.4,2.4,2.4,2.4,2.6,2.9,3.0,3.1
13140,"Beaumont-Port Arthur, TX",13140,2.4,2.3,2.3,2.4,2.4,2.3,2.3,2.2,2.1,2.1,2.0,2.0,2.1,2.2,2.2,2.1,2.2,2.1,2.1,2.2,2.2,2.3,2.3,2.4,2.5,2.5,2.7,2.8,2.8,2.9,2.9,2.8,2.8,3.0,2.9,2.8,2.8,2.9,2.8,3.0,3.1,3.4,3.5,3.4,3.5
13900,"Bismarck, ND",13900,2.6,2.8,2.2,2.4,2.6,2.5,2.4,2.3,2.1,2.1,2.0,2.0,2.0,2.0,2.0,2.1,2.0,2.0,2.1,2.0,2.0,2.2,2.3,2.3,2.5,2.7,2.8,3.1,3.0,2.9,3.0,2.9,3.2,3.6,3.7,3.8,3.8,3.6,3.6,3.6,3.8,3.8,3.5,3.3,3.6
14260,"Boise City, ID",14260,3.2,3.3,3.0,2.9,2.8,2.8,2.7,2.6,2.4,2.3,2.4,2.5,2.6,2.7,2.8,2.7,2.7,2.7,2.7,2.9,2.9,2.9,2.8,2.9,3.0,3.3,4.2,4.1,3.7,3.1,3.0,2.5,2.9,3.3,3.4,3.5,3.7,3.9,4.3,4.5,5.1,6.3,6.2,5.7,5.8
14460,"Boston-Cambridge-Newton, MA-NH",14460,2.9,3.1,3.0,3.0,3.3,3.7,4.2,4.4,4.4,4.2,4.0,3.9,4.0,4.0,4.0,3.9,3.9,3.8,4.1,4.4,4.8,5.0,5.7,6.2,6.5,6.6,6.2,5.9,5.2,4.7,5.1,4.9,4.8,5.0,5.1,5.1,5.1,5.2,5.3,5.3,5.7,6.3,6.5,6.4,6.6
14540,"Bowling Green, KY",14540,3.6,3.6,3.4,3.3,3.2,3.1,3.1,3.1,3.1,3.0,3.0,3.0,2.9,2.9,3.0,3.1,3.0,3.0,3.0,3.1,3.1,3.2,3.3,3.3,3.3,3.3,3.3,3.3,3.3,3.4,3.4,3.4,3.2,3.1,3.0,3.2,3.4,3.5,3.4,3.6,3.6,4.2,4.3,4.5,4.5
14580,"Bozeman, MT",14580,4.0,3.8,3.7,3.5,3.8,3.6,3.6,3.4,3.3,3.2,3.1,3.1,3.3,3.5,3.8,3.9,4.0,3.9,4.0,3.9,3.9,4.2,4.5,4.8,5.1,5.5,5.6,5.7,5.9,6.0,5.9,5.5,5.1,5.1,5.1,5.4,5.4,5.7,5.9,6.0,6.1,7.2,8.6,9.2,9.6
14740,"Bremerton-Silverdale-Port Orchard, WA",14740,3.4,3.4,3.3,3.0,2.9,2.8,2.8,2.7,2.6,2.7,2.8,2.9,3.0,3.1,3.2,3.2,3.3,3.2,3.3,3.3,3.4,3.5,3.7,3.8,4.2,4.8,5.5,5.6,5.2,4.8,4.5,4.2,3.9,3.9,4.0,4.2,4.4,4.7,5.1,5.3,5.4,6.0,6.3,5.9,5.9
15180,"Brownsville-Harlingen, TX",15180,2.6,2.7,2.9,3.1,3.1,3.1,3.2,2.9,2.7,2.5,2.5,2.4,2.4,2.4,2.4,2.4,2.4,2.4,2.3,2.3,2.3,2.4,2.5,2.6,2.6,2.8,2.8,2.7,2.7,2.7,2.6,2.5,2.4,2.5,2.5,2.6,2.6,2.6,2.6,2.5,2.4,2.6,2.9,3.1,3.1
14860,"Bridgeport-Stamford-Danbury, CT",14860,4.9,4.9,4.6,4.5,4.8,5.4,6.4,6.9,6.4,6.0,5.9,5.9,6.0,6.0,5.8,5.7,5.5,5.3,5.2,5.3,5.5,5.7,6.2,7.0,7.1,7.4,7.2,7.0,6.2,5.4,6.1,6.0,5.5,5.6,5.4,5.0,4.9,5.0,4.8,4.6,5.4,6.1,6.1,6.2,6.4
15260,"Brunswick-St. Simons, GA",15260,2.9,3.0,3.0,3.0,2.9,2.9,2.8,2.8,2.8,2.7,2.7,2.8,2.7,2.7,2.8,2.8,2.9,2.9,3.0,3.1,3.2,3.4,3.6,3.7,3.9,4.1,4.3,4.4,4.5,4.4,4.1,3.8,3.5,3.3,3.5,3.5,3.7,3.8,3.7,3.7,3.8,4.1,4.6,4.6,4.6
12940,"Baton Rouge, LA",12940,3.5,3.3,3.5,3.4,3.4,3.1,3.2,2.9,2.7,2.5,2.4,2.4,2.5,2.5,2.5,2.6,2.6,2.6,2.7,2.8,2.9,3.0,3.0,3.1,3.2,3.5,3.9,3.8,3.5,3.4,3.5,3.3,3.3,3.3,3.3,3.4,3.4,3.6,3.6,3.6,3.8,4.1,4.3,4.1,4.0
15380,"Buffalo-Cheektowaga, NY",15380,2.3,2.3,2.2,2.2,2.2,2.2,2.2,2.3,2.5,2.6,2.7,2.7,2.7,2.7,2.6,2.5,2.5,2.3,2.3,2.1,2.1,2.2,2.2,2.2,2.3,2.3,2.3,2.3,2.3,2.4,2.6,2.5,2.6,2.6,2.5,2.5,2.5,2.6,2.6,2.7,2.9,3.3,3.4,3.4,3.6
15500,"Burlington, NC",15500,2.7,2.8,2.7,2.7,2.7,2.8,2.8,2.8,2.8,2.7,2.8,2.8,2.9,2.9,2.9,3.0,3.0,3.0,3.1,3.0,3.1,3.3,3.5,3.6,3.6,3.6,3.7,3.7,3.7,3.8,3.6,3.4,3.2,3.3,3.3,3.4,3.4,3.3,3.2,3.3,3.4,3.9,4.5,4.5,4.8
15540,"Burlington-South Burlington, VT",15540,2.4,1.9,2.2,2.1,2.0,2.0,2.1,2.3,2.4,2.5,2.5,2.5,2.5,2.5,2.5,2.5,2.4,2.3,2.2,2.2,2.3,2.4,2.6,2.8,3.1,3.5,3.7,3.6,3.6,3.6,4.0,4.1,3.8,4.0,3.9,3.9,4.0,4.1,4.2,4.2,4.3,4.7,5.0,4.9,5.0
16020,"Cape Girardeau, MO-IL",16020,3.8,3.6,3.4,3.5,3.5,3.5,3.5,3.5,3.4,3.3,3.2,3.1,3.1,3.1,3.3,3.3,3.3,3.2,3.2,3.1,3.1,3.3,3.4,3.4,3.5,3.7,3.6,3.7,3.5,3.5,3.5,3.4,3.5,3.4,3.1,2.9,2.9,3.0,2.8,3.0,3.0,3.2,3.2,3.2,3.4
15940,"Canton-Massillon, OH",15940,2.3,2.3,2.2,2.2,2.1,2.1,2.1,2.1,2.1,2.1,2.2,2.3,2.4,2.4,2.4,2.5,2.5,2.6,2.5,2.7,2.6,2.6,2.7,2.8,2.8,2.7,2.6,2.5,2.1,2.0,2.1,2.3,2.1,2.4,2.3,2.4,2.4,2.5,2.5,2.5,2.7,2.8,2.8,2.9,3.1
16180,"Carson City, NV",16180,4.1,4.7,4.9,4.5,4.2,3.9,3.7,3.5,3.3,3.3,3.4,3.6,3.8,3.9,4.0,4.0,4.0,3.9,3.8,3.7,3.8,3.9,4.2,4.6,5.6,6.7,6.9,6.3,5.3,4.6,4.0,3.4,3.3,3.8,4.4,4.8,5.0,5.2,5.5,6.1,6.3,7.2,7.7,7.1,6.8
16220,"Casper, WY",16220,3.0,3.1,3.1,3.0,2.8,2.7,2.7,2.4,2.1,1.9,2.0,2.1,2.1,2.3,2.5,2.6,2.6,2.6,2.5,2.4,2.4,2.5,2.7,2.8,3.0,3.3,3.6,3.9,3.7,3.5,3.3,3.2,3.2,3.3,3.4,3.5,3.5,3.5,3.6,3.7,3.7,3.8,4.2,4.3,4.3
16540,"Chambersburg, PA",16540,2.2,2.2,2.1,2.2,2.1,2.1,2.1,2.3,2.4,2.4,2.3,2.4,2.5,2.5,2.4,2.4,2.3,2.3,2.3,2.3,2.3,2.4,2.5,2.6,2.8,3.2,3.7,3.6,3.5,3.3,3.2,3.0,2.9,2.9,2.9,2.8,2.7,2.7,2.7,2.9,2.9,3.1,3.2,3.2,3.4
15980,"Cape Coral-Fort Myers, FL",15980,3.3,3.1,2.9,3.1,2.9,2.7,2.6,2.5,2.4,2.3,2.3,2.3,2.3,2.4,2.3,2.3,2.2,2.3,2.3,2.3,2.4,2.9,3.1,3.4,3.9,5.3,5.0,4.6,3.2,1.8,1.9,2.3,2.8,3.4,3.7,4.1,4.3,4.4,4.4,4.2,4.4,5.3,6.2,5.9,5.6
16300,"Cedar Rapids, IA",16300,1.9,1.8,1.8,1.8,1.7,1.7,1.7,1.7,1.6,1.7,1.8,1.8,2.1,2.2,2.2,2.2,2.3,2.3,2.3,2.2,2.4,2.4,2.5,2.5,2.6,2.6,2.6,2.6,2.5,2.5,2.6,2.4,2.5,2.5,2.5,2.5,2.5,2.4,2.5,2.5,2.5,2.6,2.7,2.8,2.9
16580,"Champaign-Urbana, IL",16580,3.0,3.2,2.6,2.7,2.6,2.5,2.5,2.6,2.6,2.5,2.4,2.3,2.3,2.4,2.4,2.5,2.5,2.5,2.6,2.4,2.5,2.6,2.8,3.0,3.1,3.3,3.3,3.2,3.2,3.2,3.3,3.1,3.2,2.9,2.8,2.8,2.8,2.9,2.8,2.8,2.8,2.9,3.1,3.2,3.4
16980,"Chicago-Naperville-Elgin, IL-IN",16980,2.5,2.6,2.3,2.4,2.5,2.4,2.5,2.6,2.7,2.8,3.0,3.2,3.3,3.4,3.3,3.3,3.3,3.2,3.2,3.1,3.2,3.5,4.0,4.2,4.5,4.7,4.6,4.5,4.0,3.3,3.2,2.9,2.9,3.1,3.2,3.3,3.5,3.6,3.6,3.5,3.7,4.1,4.1,4.0,4.2
16940,"Cheyenne, WY",16940,3.0,3.0,2.8,2.9,2.9,2.8,2.9,2.7,2.7,2.5,2.4,2.4,2.4,2.4,2.6,2.7,2.8,2.8,2.8,2.7,2.8,2.8,2.9,3.0,3.2,3.3,3.4,3.3,3.3,3.3,3.4,3.3,3.2,3.2,3.2,3.3,3.5,3.6,3.7,3.9,4.2,4.7,5.0,4.8,4.7
17020,"Chico, CA",17020,5.0,5.1,5.5,5.1,4.8,4.5,4.2,4.1,4.0,4.2,4.6,4.7,4.8,4.8,4.7,4.6,4.4,4.2,4.1,4.0,4.2,4.5,5.1,5.7,6.5,7.4,7.6,7.0,6.1,5.7,5.2,4.9,4.8,5.0,5.2,5.3,5.4,5.6,5.5,6.1,6.2,6.9,6.9,6.5,6.6
16700,"Charleston-North Charleston, SC",16700,2.7,2.8,3.3,2.8,2.7,2.6,2.6,2.7,2.7,2.7,2.6,2.7,2.8,3.0,3.0,3.0,2.9,3.0,3.3,3.4,3.4,3.6,3.9,4.0,4.2,4.4,4.5,4.3,4.1,3.9,4.1,4.0,4.1,4.2,4.2,4.3,4.3,4.4,4.3,4.3,4.5,5.1,5.3,5.0,5.1
16860,"Chattanooga, TN-GA",16860,2.6,2.7,2.8,2.9,2.7,2.7,2.7,2.7,2.7,2.6,2.6,2.6,2.6,2.5,2.5,2.6,2.7,2.7,2.7,2.6,2.6,2.8,2.9,3.0,3.2,3.3,3.3,3.0,3.0,2.9,2.9,2.8,2.9,2.9,2.9,3.3,3.4,3.5,3.5,3.4,3.8,4.1,4.3,4.3,4.6
16620,"Charleston, WV",16620,4.3,3.8,3.1,3.3,3.2,3.1,3.1,3.1,3.0,2.9,2.6,2.6,2.8,2.9,2.9,2.9,3.1,2.9,2.9,3.3,3.0,3.1,3.2,3.2,3.1,3.2,3.2,3.2,3.1,3.1,3.1,3.1,3.1,3.1,3.0,3.2,3.3,3.3,3.2,3.1,3.0,3.2,3.1,3.2,3.3
17980,"Columbus, GA-AL",17980,2.7,2.8,2.8,2.8,2.7,2.7,2.7,2.7,2.7,2.6,2.6,2.7,2.7,2.8,2.8,2.8,2.7,2.6,2.6,2.6,2.7,2.8,2.9,3.0,3.2,3.3,3.4,3.5,3.4,3.6,3.4,3.1,3.0,3.0,3.3,3.5,3.6,3.7,3.7,3.8,3.9,4.3,4.9,5.2,5.4
17420,"Cleveland, TN",17420,3.4,3.3,3.1,3.1,3.0,3.1,3.1,3.2,3.2,3.1,3.1,3.0,3.0,3.1,3.1,3.2,3.3,3.3,3.4,3.5,3.6,3.8,3.9,4.0,4.0,4.2,4.5,4.6,4.5,4.5,4.5,4.4,4.3,4.1,4.1,4.0,4.0,4.0,4.0,4.0,4.2,4.5,4.8,4.9,5.3
17860,"Columbia, MO",17860,3.6,3.4,3.2,3.2,3.2,3.2,3.2,3.2,3.1,2.9,2.8,2.8,2.8,2.7,2.9,3.0,3.0,2.9,2.9,2.9,2.9,3.0,3.1,3.2,3.3,3.5,3.5,3.3,3.2,3.3,3.2,3.3,3.2,3.2,3.2,3.3,3.3,3.3,3.4,3.5,3.6,4.0,4.3,4.3,4.5
17300,"Clarksville, TN-KY",17300,3.1,3.1,2.9,2.9,2.8,2.9,2.8,2.8,2.7,2.6,2.5,2.5,2.4,2.4,2.4,2.4,2.5,2.5,2.5,2.5,2.5,2.6,2.7,2.7,2.7,2.8,2.8,2.9,2.9,3.0,3.1,3.0,3.0,2.9,3.0,3.1,3.1,3.1,3.3,3.3,3.4,3.7,4.2,4.3,4.5
16740,"Charlotte-Concord-Gastonia, NC-SC",16740,2.1,2.1,2.1,2.0,2.1,2.1,2.1,2.1,2.1,2.2,2.2,2.4,2.3,2.3,2.2,2.1,2.2,2.3,2.3,2.3,2.3,2.3,2.4,2.5,2.6,2.8,2.8,2.9,2.8,2.7,2.8,2.9,3.0,3.2,3.4,3.4,3.5,3.7,3.7,3.9,4.2,4.8,5.2,4.9,5.0
17410,"Cleveland, OH",17410,2.5,2.5,2.2,2.4,2.3,2.3,2.3,2.4,2.3,2.4,2.6,2.7,2.8,2.8,2.8,2.8,2.9,2.9,2.9,2.9,2.8,3.0,3.1,3.0,3.0,3.0,2.8,2.6,2.2,2.1,2.5,2.2,2.2,2.4,2.4,2.4,2.5,2.6,2.7,2.8,3.0,3.1,3.2,3.1,3.1
17140,"Cincinnati, OH-KY-IN",17140,2.7,2.7,2.6,2.6,2.5,2.4,2.4,2.4,2.4,2.5,2.5,2.6,2.7,2.7,2.8,2.7,2.7,2.7,2.7,2.7,2.8,2.8,2.8,2.9,2.9,2.9,2.8,2.6,2.4,2.3,2.4,2.3,2.4,2.5,2.5,2.5,2.5,2.6,2.7,2.8,3.0,3.4,3.5,3.6,3.7
17660,"Coeur d'Alene, ID",17660,3.7,4.0,3.7,3.6,3.4,3.3,3.3,3.0,2.8,2.7,2.6,2.7,2.9,3.1,3.3,3.4,3.4,3.4,3.4,3.4,3.4,3.6,3.6,3.6,4.1,5.2,5.8,5.5,5.0,4.9,4.6,4.2,3.8,3.8,3.8,4.1,4.3,4.8,5.2,5.5,5.9,7.3,8.4,8.2,8.6
18020,"Columbus, IN",18020,2.3,2.4,2.2,2.1,1.9,1.9,1.9,1.9,1.9,1.9,2.0,2.1,2.1,2.1,2.2,2.4,2.4,2.4,2.4,2.4,2.4,2.4,2.4,2.4,2.5,2.5,2.4,2.3,2.3,2.4,2.4,2.4,2.3,2.3,2.3,2.4,2.3,2.3,2.2,2.3,2.4,2.7,3.0,2.9,2.8
17820,"Colorado Springs, CO",17820,3.4,3.1,3.4,3.3,3.1,3.1,3.1,2.9,2.8,2.7,2.6,2.6,2.6,2.7,2.9,3.0,3.2,3.1,3.1,3.1,3.2,3.4,3.5,3.6,3.7,4.0,4.1,3.9,3.6,3.4,3.6,3.5,3.6,3.8,3.7,3.9,4.0,4.3,4.5,4.5,4.8,5.5,5.5,5.1,5.0
18580,"Corpus Christi, TX",18580,3.4,3.1,3.4,3.4,3.2,3.2,3.3,3.1,2.8,2.6,2.4,2.4,2.4,2.4,2.5,2.5,2.5,2.5,2.5,2.4,2.4,2.5,2.6,2.8,3.0,3.3,3.4,3.3,3.2,3.1,3.1,3.0,3.0,3.0,3.4,3.5,3.6,3.5,3.6,3.7,4.0,4.3,4.5,4.4,4.3
17900,"Columbia, SC",17900,2.9,2.9,2.8,2.7,2.6,2.6,2.6,2.5,2.5,2.5,2.5,2.6,2.7,2.7,2.6,2.7,2.6,2.6,2.7,2.7,2.7,2.7,2.9,2.9,2.9,3.1,3.1,3.1,3.0,2.9,3.1,3.0,3.0,3.0,3.0,3.0,3.1,3.0,3.1,3.3,3.5,3.9,4.3,4.1,4.0
18140,"Columbus, OH",18140,2.7,2.7,2.6,2.5,2.5,2.4,2.4,2.4,2.5,2.6,2.6,2.6,2.8,2.7,2.7,2.7,2.8,2.9,2.9,2.8,2.8,2.9,3.0,3.0,3.0,3.1,2.9,2.8,2.6,2.5,2.6,2.4,2.5,2.6,2.7,2.8,2.9,3.0,3.1,3.2,3.5,3.8,4.0,4.0,4.1
18700,"Corvallis, OR",18700,4.2,3.8,3.6,3.4,3.2,3.0,2.9,2.7,2.6,2.7,2.9,3.1,3.4,3.8,4.1,4.3,4.2,4.2,4.3,4.3,4.3,4.5,4.6,4.6,4.9,5.2,5.7,5.8,5.8,5.6,5.4,5.0,4.9,5.0,5.2,5.6,5.8,6.0,6.0,6.1,6.4,7.3,8.3,8.1,8.1
18880,"Crestview-Fort Walton Beach-Destin, FL",18880,4.2,3.8,3.6,3.7,3.6,3.5,3.4,3.4,3.3,3.3,3.2,3.1,3.3,3.4,3.4,3.4,3.3,3.3,3.3,3.2,3.2,3.3,3.5,3.7,4.3,5.4,5.7,5.2,4.6,4.2,4.1,3.8,3.6,3.6,3.4,4.3,4.4,4.4,4.5,4.4,5.1,5.4,5.6,5.0,4.7
16820,"Charlottesville, VA",16820,4.1,4.0,3.5,3.6,3.4,3.3,3.3,3.3,3.4,3.4,3.4,3.5,3.5,3.5,3.5,3.5,3.4,3.3,3.3,3.3,3.4,3.6,3.8,4.1,4.5,5.1,5.5,5.5,5.3,5.0,4.8,4.6,4.5,4.5,4.5,4.5,4.4,4.3,4.3,4.3,4.3,4.6,5.0,4.9,5.1
17780,"College Station-Bryan, TX",17780,4.3,4.2,4.3,4.3,4.3,4.3,4.4,4.0,3.7,3.5,3.4,3.5,3.5,3.6,3.7,3.6,3.5,3.4,3.4,3.3,3.4,3.5,3.6,3.7,3.8,3.8,3.7,3.7,3.9,4.1,4.1,3.8,3.8,3.6,3.7,3.9,4.0,4.1,4.1,4.2,4.5,4.9,5.7,6.3,6.4
19140,"Dalton, GA",19140,2.7,2.9,2.9,2.8,2.7,2.6,2.6,2.5,2.5,2.5,2.5,2.5,2.4,2.3,2.4,2.4,2.5,2.5,2.6,2.6,2.7,2.9,3.0,3.1,3.3,3.5,3.7,3.7,3.6,3.4,3.3,3.2,3.1,3.0,2.8,2.8,2.9,3.1,3.1,3.0,3.0,3.3,3.7,3.8,3.8
19300,"Daphne-Fairhope-Foley, AL",19300,3.6,3.4,3.2,3.2,3.1,3.0,3.1,3.1,3.0,2.9,2.9,2.9,3.0,3.2,3.3,3.4,3.4,3.5,3.4,3.4,3.4,3.6,3.6,3.7,3.8,4.4,4.8,4.6,4.3,4.2,4.1,3.8,3.6,3.5,3.5,3.5,3.4,3.5,3.6,3.5,3.7,4.0,4.7,5.0,5.0
19340,"Davenport-Moline-Rock Island, IA-IL",19340,2.2,2.2,2.1,2.2,2.1,1.9,1.8,1.7,1.6,1.6,1.7,1.7,1.8,1.9,1.9,2.0,2.0,1.9,2.0,2.0,2.1,2.1,2.3,2.4,2.5,2.6,2.5,2.3,1.9,2.2,2.3,2.2,2.3,2.2,2.2,2.3,2.3,2.3,2.3,2.2,2.3,2.4,2.4,2.4,2.4
19500,"Decatur, IL",19500,1.8,1.9,1.7,1.8,1.7,1.6,1.6,1.7,1.7,1.7,1.7,1.8,1.8,1.9,1.9,1.9,1.9,1.9,1.8,1.8,1.8,1.9,2.0,2.0,2.0,2.1,2.1,1.9,2.0,2.0,2.0,2.0,1.9,1.8,1.9,1.9,1.9,1.9,1.8,1.8,1.9,2.0,2.2,2.1,2.2
19660,"Deltona-Daytona Beach-Ormond Beach, FL",19660,3.0,2.7,2.8,2.8,2.8,2.7,2.6,2.5,2.5,2.5,2.4,2.5,2.4,2.4,2.3,2.2,2.3,2.2,2.3,2.3,2.3,2.5,2.7,3.2,3.8,4.6,4.7,4.2,3.6,2.8,2.7,2.5,2.7,3.1,3.2,3.4,3.8,3.9,4.1,4.1,4.3,4.8,5.5,5.3,5.2
19740,"Denver-Aurora-Centennial, CO",19740,3.2,3.1,3.2,3.2,3.1,3.0,3.0,2.8,2.7,2.6,2.5,2.5,2.6,2.8,3.0,3.1,3.1,3.1,3.2,3.3,3.7,4.0,4.2,4.4,4.4,4.5,4.4,4.2,3.7,3.7,3.9,3.9,4.1,4.4,4.6,5.1,5.3,5.4,5.6,5.5,5.7,6.6,6.8,6.4,6.2
19820,"Detroit-Warren-Dearborn, MI",19820,2.1,2.2,2.0,1.9,1.8,1.7,1.7,1.9,2.0,2.0,2.1,2.2,2.3,2.3,2.3,2.3,2.5,2.6,2.6,2.7,3.1,3.2,3.4,3.5,3.6,3.6,3.5,3.3,2.9,2.6,2.5,2.4,2.4,2.5,2.7,2.8,2.9,2.9,3.0,3.1,3.4,3.6,3.6,3.5,3.7
19460,"Decatur, AL",19460,2.9,2.8,2.6,2.6,2.6,2.5,2.5,2.5,2.5,2.3,2.2,2.2,2.2,2.3,2.3,2.3,2.3,2.3,2.3,2.3,2.3,2.4,2.4,2.4,2.4,2.5,2.5,2.5,2.6,2.6,2.7,2.6,2.6,2.7,2.7,2.7,2.8,2.7,2.9,3.0,3.3,3.6,3.7,3.4,3.3
19100,"Dallas-Fort Worth-Arlington, TX",19100,3.8,3.7,3.6,3.5,3.5,3.5,3.5,3.3,3.0,2.8,2.7,2.6,2.6,2.6,2.6,2.5,2.6,2.6,2.4,2.4,2.5,2.6,2.7,2.8,2.7,2.8,2.8,2.7,2.6,2.5,2.6,2.6,2.7,3.0,3.1,3.3,3.5,3.7,3.7,3.7,3.8,4.3,4.7,4.4,4.3
20020,"Dothan, AL",20020,3.0,2.8,2.7,2.7,2.7,2.6,2.6,2.5,2.4,2.3,2.3,2.3,2.4,2.4,2.4,2.6,2.5,2.6,2.6,2.6,2.6,2.8,2.8,2.8,2.8,3.0,3.2,3.2,3.1,3.1,3.0,2.9,2.9,2.9,2.8,2.9,2.8,2.9,2.9,2.9,3.0,3.1,3.4,3.5,3.6
20100,"Dover, DE",20100,2.3,2.2,2.1,2.1,2.1,2.2,2.2,2.4,2.4,2.5,2.5,2.5,2.5,2.5,2.4,2.3,2.3,2.3,2.3,2.2,2.2,2.3,2.6,2.8,3.2,3.7,4.2,4.0,3.9,3.6,3.7,3.2,3.3,3.3,3.3,3.4,3.5,3.6,3.5,3.7,3.9,4.3,4.4,4.3,4.5
19780,"Des Moines-West Des Moines, IA",19780,2.3,2.2,2.1,2.2,2.1,2.1,2.0,2.0,1.9,1.9,1.9,2.0,2.1,2.2,2.2,2.2,2.3,2.4,2.4,2.4,2.4,2.6,2.7,2.7,2.8,2.8,2.7,2.7,2.7,2.6,2.6,2.6,2.6,2.8,2.7,2.8,2.8,2.8,2.9,3.0,3.1,3.4,3.4,3.4,3.6
19430,"Dayton-Kettering-Beavercreek, OH",19430,2.3,2.3,2.1,2.2,2.1,2.0,2.0,2.1,2.2,2.2,2.3,2.4,2.5,2.4,2.4,2.4,2.5,2.4,2.5,2.5,2.4,2.5,2.6,2.6,2.6,2.6,2.6,2.4,2.2,2.2,2.3,2.0,2.2,2.2,2.3,2.4,2.5,2.6,2.7,2.7,2.9,3.1,3.2,3.5,3.7
20220,"Dubuque, IA",20220,2.6,2.6,2.5,2.5,2.4,2.3,2.2,2.1,2.0,2.0,2.0,2.0,2.1,2.1,2.2,2.3,2.3,2.3,2.3,2.4,2.4,2.5,2.5,2.6,2.6,2.7,2.7,2.7,2.7,2.7,2.6,2.6,2.6,2.6,2.6,2.5,2.6,2.6,2.6,2.7,2.6,2.7,3.0,3.2,3.5
20260,"Duluth, MN-WI",20260,1.9,1.9,1.8,2.1,2.2,2.1,2.1,2.1,2.1,2.0,2.0,2.1,2.1,2.2,2.2,2.2,2.2,2.2,2.2,2.3,2.4,2.6,2.8,2.9,3.1,3.3,3.4,3.4,3.3,3.3,3.1,3.0,2.9,2.9,2.9,2.8,2.8,2.9,2.9,3.0,3.1,3.4,3.4,3.6,3.7
20500,"Durham-Chapel Hill, NC",20500,3.2,3.3,3.3,3.2,3.1,3.1,3.2,3.3,3.3,3.1,3.1,3.1,3.1,3.1,3.1,3.2,3.1,3.2,3.2,3.1,3.2,3.4,3.5,3.6,3.8,4.1,4.2,4.2,4.0,4.0,4.0,3.7,3.6,3.7,3.7,4.1,4.1,4.2,4.4,4.5,4.7,5.3,5.7,5.6,5.3
20740,"Eau Claire, WI",20740,2.7,2.5,2.2,2.3,2.3,2.2,2.1,2.0,2.0,2.0,2.1,2.0,2.1,2.1,2.2,2.3,2.3,2.3,2.3,2.3,2.4,2.5,2.6,2.7,2.8,2.9,2.9,2.9,2.9,2.9,2.9,2.8,2.7,2.8,2.8,2.8,2.8,2.8,2.7,2.6,2.7,3.0,3.3,3.3,3.4
20580,"Eagle Pass, TX",20580,3.5,3.6,3.9,4.2,4.3,4.3,4.3,4.0,3.6,3.3,3.1,3.0,3.0,3.0,2.9,2.8,2.8,2.8,2.7,2.6,2.7,2.9,3.0,3.0,3.0,3.1,3.1,3.1,3.0,3.0,3.1,3.1,3.1,3.3,3.3,3.3,3.3,3.3,3.2,3.1,3.1,3.3,3.4,3.1,3.0
20940,"El Centro, CA",20940,3.4,3.5,3.1,3.1,3.0,2.9,2.9,2.8,3.0,3.3,3.4,3.5,3.7,3.7,3.7,3.7,3.6,3.5,3.4,3.3,3.2,3.4,3.7,4.1,4.8,6.2,7.2,7.0,5.2,4.3,4.1,3.9,3.7,3.9,4.2,4.3,4.4,4.5,4.6,4.6,4.8,5.2,5.4,5.3,5.5
21140,"Elkhart-Goshen, IN",21140,2.4,2.5,2.3,2.2,2.0,2.0,2.0,2.0,2.0,2.1,2.2,2.2,2.2,2.1,2.1,2.1,2.2,2.2,2.2,2.2,2.2,2.3,2.3,2.4,2.4,2.4,2.5,2.4,2.5,2.6,2.7,2.6,2.5,2.3,2.3,2.3,2.3,2.3,2.4,2.5,2.5,2.7,3.2,3.2,3.4
21300,"Elmira, NY",21300,1.3,1.3,1.4,1.4,1.6,1.8,2.0,2.1,2.1,2.0,2.0,2.0,2.1,2.1,2.0,1.9,1.9,1.8,1.8,1.8,1.9,1.9,1.8,2.1,2.1,2.0,2.2,1.9,2.0,1.9,2.2,2.2,2.3,2.3,2.1,2.1,2.3,2.1,2.0,2.0,2.1,2.5,2.6,2.5,2.5
21340,"El Paso, TX",21340,2.9,3.0,3.1,3.2,3.2,3.2,3.2,2.9,2.7,2.8,2.7,2.7,2.7,2.8,2.8,2.7,2.8,2.6,2.6,2.5,2.5,2.6,2.7,2.7,2.8,3.3,3.6,3.6,3.6,3.5,3.5,3.4,3.4,3.5,3.4,3.4,3.4,3.5,3.4,3.5,3.6,4.0,4.4,4.1,4.3
21060,"Elizabethtown, KY",21060,3.5,3.3,3.0,2.8,2.7,2.7,2.6,2.6,2.7,2.7,2.5,2.4,2.4,2.4,2.6,2.6,2.6,2.6,2.6,2.6,2.6,2.7,2.7,2.8,2.9,3.0,3.1,3.0,3.0,3.0,3.1,3.0,2.9,2.8,2.9,2.9,3.0,3.1,3.1,3.0,3.0,3.2,3.6,3.7,3.7
21420,"Enid, OK",21420,2.8,2.7,2.8,2.9,2.7,2.6,2.6,2.3,2.0,1.9,1.8,1.8,1.8,1.9,2.0,2.1,2.1,2.1,2.1,2.1,2.0,2.1,2.1,2.2,2.2,2.1,2.2,2.2,2.3,2.3,2.3,2.2,2.1,2.1,2.1,2.2,2.2,2.1,2.0,1.9,1.9,2.1,2.1,2.2,2.2
21500,"Erie, PA",21500,2.2,2.1,2.0,2.0,2.0,1.9,2.0,2.1,2.3,2.2,2.2,2.3,2.3,2.4,2.4,2.5,2.5,2.5,2.5,2.4,2.4,2.5,2.4,2.4,2.5,2.5,2.5,2.3,2.3,2.2,2.5,2.5,2.5,2.5,2.6,2.5,2.3,2.3,2.3,2.4,2.5,2.6,2.7,2.8,2.9
21660,"Eugene-Springfield, OR",21660,2.9,2.9,2.7,2.5,2.3,2.3,2.2,2.2,2.2,2.3,2.6,2.7,2.9,2.9,3.2,3.4,3.6,3.5,3.5,3.5,3.5,3.6,3.8,4.0,4.3,5.0,5.5,5.5,5.2,4.9,4.8,4.5,4.3,4.5,4.6,4.7,4.9,5.2,5.4,5.5,5.9,6.7,7.1,6.6,6.4
21780,"Evansville, IN",21780,2.4,2.3,2.3,2.2,2.2,2.1,2.2,2.2,2.1,2.1,2.1,2.0,2.0,2.0,2.1,2.1,2.2,2.1,2.2,2.2,2.2,2.3,2.3,2.4,2.4,2.5,2.5,2.5,2.5,2.5,2.5,2.5,2.5,2.5,2.5,2.5,2.5,2.5,2.5,2.5,2.6,2.8,3.1,3.2,3.2
22180,"Fayetteville, NC",22180,3.7,3.5,3.3,3.2,3.2,3.3,3.3,3.3,3.3,3.3,3.3,3.2,3.1,3.0,3.1,3.1,3.1,3.1,3.1,3.0,3.0,3.1,3.2,3.2,3.2,3.3,3.4,3.5,3.6,3.6,3.7,3.6,3.5,3.4,3.4,3.3,2.9,2.9,3.0,3.0,3.3,3.6,3.8,3.8,3.9
21820,"Fairbanks-College, AK",21820,2.8,2.9,3.2,3.1,3.2,3.1,3.1,2.7,2.8,2.4,2.5,2.5,2.6,2.7,2.8,2.8,2.9,2.9,2.9,2.9,2.8,2.8,2.9,3.0,3.2,3.4,3.4,3.4,3.3,3.3,3.4,3.3,3.2,3.3,3.2,3.2,3.3,3.4,3.5,3.6,3.6,3.7,3.9,3.9,3.8
22140,"Farmington, NM",22140,2.5,2.6,2.7,2.9,2.9,3.0,3.1,3.1,2.9,2.6,2.4,2.3,2.4,2.4,2.5,2.6,2.7,2.7,2.8,2.8,2.8,3.1,3.3,3.4,3.6,3.9,4.2,4.3,4.1,4.0,3.9,3.8,3.8,3.7,3.8,3.4,3.5,3.6,3.9,4.1,4.2,4.4,4.7,4.5,4.8
22020,"Fargo, ND-MN",22020,3.3,3.7,2.8,3.1,3.3,3.1,2.9,2.8,2.6,2.4,2.3,2.4,2.4,2.5,2.5,2.6,2.5,2.5,2.5,2.5,2.5,2.5,2.6,2.7,2.9,3.0,3.0,3.1,3.1,2.9,3.0,2.9,2.9,3.1,3.2,3.3,3.4,3.3,3.4,3.4,3.6,3.8,4.0,3.9,4.0
22380,"Flagstaff, AZ",22380,3.6,3.6,3.4,3.6,3.6,3.6,3.6,3.6,3.5,3.4,3.4,3.4,3.4,3.4,3.6,3.9,4.0,4.0,4.0,3.9,3.9,4.0,4.3,4.5,5.0,5.9,6.7,6.5,5.9,5.6,5.0,4.7,4.5,4.6,4.8,4.9,5.1,5.3,5.5,5.9,6.2,7.3,8.2,8.0,8.0
22420,"Flint, MI",22420,1.8,1.8,1.6,1.6,1.4,1.4,1.4,1.5,1.6,1.6,1.7,1.8,1.8,1.7,1.7,1.8,1.9,2.0,2.1,2.2,2.3,2.4,2.6,2.7,2.8,2.9,2.8,2.7,2.4,2.3,2.2,2.0,1.8,2.0,2.1,2.2,2.2,2.3,2.4,2.5,2.5,2.8,2.9,2.9,2.9
22500,"Florence, SC",22500,2.6,2.7,2.6,2.6,2.5,2.5,2.5,2.5,2.4,2.3,2.3,2.3,2.4,2.4,2.4,2.4,2.4,2.4,2.4,2.5,2.4,2.6,2.7,2.7,2.8,2.8,2.8,2.8,3.0,2.9,2.9,3.0,3.3,3.2,3.1,3.3,3.4,3.3,3.3,3.2,3.5,3.8,4.1,4.3,4.5
22520,"Florence-Muscle Shoals, AL",22520,3.1,3.0,2.8,2.9,2.9,2.8,2.8,2.8,2.7,2.6,2.4,2.4,2.4,2.5,2.4,2.5,2.4,2.5,2.6,2.7,2.8,2.9,2.9,2.9,2.9,2.9,3.0,3.0,3.1,3.1,3.1,2.8,2.8,2.7,2.7,2.9,2.9,2.9,3.0,3.1,3.2,3.5,3.8,3.8,3.9
22540,"Fond du Lac, WI",22540,1.9,1.8,1.7,1.8,1.7,1.7,1.7,1.7,1.6,1.6,1.6,1.6,1.6,1.6,1.6,1.7,1.8,1.8,1.8,1.8,1.8,1.8,1.9,1.9,2.0,2.1,2.1,2.1,2.1,2.1,2.0,2.0,1.9,2.2,2.2,2.1,2.1,2.2,2.3,2.2,2.3,2.6,2.7,3.1,3.4
22660,"Fort Collins-Loveland, CO",22660,4.1,3.9,3.7,3.9,3.8,3.8,3.7,3.6,3.4,3.2,3.2,3.2,3.2,3.4,3.8,3.9,3.9,3.8,3.9,3.9,4.1,4.3,4.6,4.7,4.9,4.9,5.0,4.8,4.7,4.6,4.5,4.5,4.5,4.7,4.8,5.1,5.3,5.5,5.6,5.5,5.7,6.3,7.1,6.9,6.9
23060,"Fort Wayne, IN",23060,2.6,2.6,2.4,2.3,2.2,2.2,2.2,2.2,2.1,2.1,2.0,2.1,2.1,2.0,2.0,2.1,2.1,2.1,2.1,2.1,2.1,2.1,2.2,2.2,2.2,2.3,2.2,2.0,1.9,2.0,2.1,1.9,2.2,2.2,2.2,2.3,2.4,2.5,2.6,2.7,2.8,3.0,3.3,3.4,3.6
23420,"Fresno, CA",23420,3.7,3.7,3.5,3.4,3.3,3.2,3.1,3.1,3.0,3.0,3.1,3.2,3.3,3.3,3.1,3.0,2.9,2.8,2.8,2.7,2.8,3.3,3.8,4.6,5.6,6.6,6.4,6.0,4.3,3.1,3.3,3.1,3.3,4.0,4.5,4.7,4.7,4.9,4.9,4.9,5.1,5.7,6.1,5.8,5.7
22900,"Fort Smith, AR-OK",22900,2.8,2.7,2.5,2.7,2.6,2.5,2.5,2.4,2.3,2.3,2.3,2.3,2.3,2.3,2.3,2.4,2.4,2.4,2.4,2.4,2.4,2.5,2.5,2.6,2.7,2.7,2.8,2.8,2.8,2.9,2.8,2.8,2.8,2.7,2.6,2.8,2.7,2.7,2.7,2.7,2.8,3.0,3.4,3.4,3.5
22220,"Fayetteville-Springdale-Rogers, AR",22220,4.1,4.0,3.9,3.9,3.6,3.7,3.6,3.4,3.2,3.2,3.2,3.1,3.1,3.1,3.3,3.3,3.3,3.3,3.1,3.0,3.0,3.1,3.1,3.1,3.2,3.5,3.4,3.3,3.2,2.8,2.7,2.5,2.8,2.8,2.8,2.9,3.0,3.1,3.2,3.3,3.4,3.8,4.5,4.5,4.7
23460,"Gadsden, AL",23460,2.8,2.6,2.6,2.5,2.5,2.4,2.4,2.4,2.3,2.3,2.2,2.3,2.3,2.3,2.3,2.3,2.4,2.5,2.6,2.6,2.6,2.7,2.8,2.8,2.8,3.0,3.0,3.0,2.9,2.8,2.8,2.8,2.8,2.7,2.5,2.5,2.5,2.5,2.5,2.5,2.6,2.7,3.1,3.3,3.4
23580,"Gainesville, GA",23580,3.5,3.7,3.6,3.5,3.4,3.3,3.3,3.3,3.2,3.2,3.2,3.1,3.1,3.0,3.0,3.0,3.0,3.1,3.1,3.1,3.2,3.4,3.5,3.6,3.7,3.8,3.9,3.9,3.8,3.7,3.4,3.1,3.0,3.0,3.2,3.3,3.4,3.6,3.7,3.6,4.1,4.9,5.3,5.2,5.2
23900,"Gettysburg, PA",23900,2.4,2.4,2.3,2.2,2.2,2.2,2.2,2.4,2.5,2.6,2.5,2.5,2.6,2.5,2.5,2.5,2.5,2.5,2.5,2.4,2.5,2.6,2.7,2.7,3.1,3.5,3.9,3.8,3.7,3.6,3.6,3.5,3.3,3.2,3.1,3.1,3.0,3.1,3.2,3.3,3.3,3.5,3.8,4.0,4.2
24020,"Glens Falls, NY",24020,2.1,2.0,2.1,2.1,2.3,2.5,2.7,2.9,2.9,2.8,2.8,2.6,2.6,2.5,2.4,2.2,2.1,2.1,2.1,2.0,2.1,2.2,2.5,2.7,2.9,3.4,3.5,3.6,3.4,3.1,2.9,3.0,3.0,3.0,3.1,3.1,3.1,2.9,2.8,2.9,3.1,3.5,3.5,3.4,3.5
23540,"Gainesville, FL",23540,3.2,3.1,3.1,3.3,3.2,3.2,3.2,3.2,3.2,3.3,3.5,3.4,3.5,3.6,3.6,3.6,3.7,3.7,3.7,3.7,3.9,4.0,4.4,4.7,5.2,5.6,6.3,5.8,5.2,4.5,4.5,4.0,4.0,4.0,4.0,4.0,4.2,4.4,4.7,4.7,4.8,5.4,5.8,5.9,5.8
24140,"Goldsboro, NC",24140,3.5,3.4,3.3,3.1,3.1,3.2,3.1,3.1,3.0,2.9,2.8,2.8,2.9,2.9,2.9,2.9,2.9,2.9,2.9,2.9,2.9,3.0,3.0,3.1,3.0,3.0,3.0,3.0,2.9,2.9,2.9,2.8,2.8,2.8,2.7,2.7,2.6,2.6,2.6,2.5,2.5,2.7,3.1,3.3,3.4
25060,"Gulfport-Biloxi, MS",25060,3.1,2.7,2.7,2.8,2.8,2.8,2.8,2.6,2.5,2.3,2.2,2.1,2.1,2.1,2.2,2.2,2.3,2.3,2.3,2.3,2.4,2.4,2.5,2.6,2.7,2.9,3.2,3.2,2.6,2.8,2.7,2.4,2.3,2.4,2.6,2.8,2.7,2.8,2.8,3.0,3.3,3.5,3.7,3.6,3.7
24580,"Green Bay, WI",24580,2.6,2.4,2.1,2.3,2.2,2.1,2.0,2.0,2.0,2.0,2.1,2.0,2.2,2.3,2.4,2.3,2.4,2.5,2.5,2.4,2.5,2.6,2.7,2.8,2.9,3.2,3.1,3.0,2.8,2.7,2.6,2.6,2.6,2.6,2.7,2.6,2.6,2.7,2.8,2.9,3.1,3.5,3.6,3.7,3.8
24500,"Great Falls, MT",24500,3.0,2.9,3.0,2.9,3.1,3.1,3.1,2.8,2.8,2.7,2.6,2.5,2.6,2.8,2.9,3.0,3.0,3.0,3.0,2.9,3.0,3.1,3.2,3.2,3.3,3.4,3.5,3.6,3.7,3.8,3.8,3.8,3.8,4.0,3.9,4.0,3.9,3.9,4.0,3.9,4.0,4.3,4.8,4.9,4.9
24220,"Grand Forks, ND-MN",24220,3.3,3.4,2.7,2.9,3.2,3.0,2.9,2.8,2.6,2.5,2.4,2.5,2.5,2.5,2.7,2.6,2.6,2.5,2.5,2.5,2.5,2.5,2.5,2.6,2.7,2.8,2.9,2.8,2.8,2.8,3.0,3.0,3.1,3.3,3.0,3.3,3.3,3.4,3.4,3.4,3.3,3.3,3.3,3.1,3.2
24260,"Grand Island, NE",24260,2.6,2.5,2.4,2.4,2.2,2.2,2.2,2.1,1.9,1.9,1.9,1.7,1.8,1.8,1.9,2.0,2.1,2.2,2.2,2.2,2.3,2.3,2.3,2.2,2.3,2.3,2.2,2.2,2.1,2.2,2.1,2.0,2.0,2.1,2.1,2.2,2.2,2.3,2.5,2.6,2.6,2.7,2.9,3.0,3.1
24300,"Grand Junction, CO",24300,3.5,3.4,3.9,3.8,3.3,2.8,2.8,2.7,2.7,2.7,2.8,2.8,2.7,2.9,3.1,3.3,3.3,3.3,3.4,3.4,3.5,3.7,3.9,4.0,4.3,4.5,4.7,4.8,4.7,4.7,4.6,4.3,4.2,4.3,4.2,4.4,4.6,4.8,5.0,5.0,4.9,5.5,6.3,6.8,7.3
24540,"Greeley, CO",24540,4.2,4.2,4.4,4.3,4.2,4.0,4.0,3.8,3.6,3.4,3.2,3.2,3.2,3.3,3.6,3.8,3.9,3.9,4.0,4.0,4.1,4.3,4.6,4.6,4.5,4.4,4.3,4.0,3.7,3.6,3.6,3.6,3.5,3.6,3.7,4.0,4.3,4.7,4.7,4.7,4.8,5.3,5.5,5.3,5.4
24660,"Greensboro-High Point, NC",24660,3.3,3.3,3.3,3.1,3.1,3.2,3.2,3.2,3.1,3.1,3.0,2.9,2.9,2.9,2.9,2.9,3.1,3.1,3.2,3.1,3.1,3.3,3.4,3.4,3.5,3.6,3.6,3.5,3.4,3.1,3.1,3.0,2.9,3.1,3.1,3.4,3.2,3.2,3.2,3.4,3.6,4.0,4.5,4.5,4.5
24420,"Grants Pass, OR",24420,4.7,4.5,4.4,4.3,4.0,3.9,3.7,3.6,3.4,3.5,3.8,4.0,4.2,4.3,4.3,4.4,4.4,4.4,4.3,4.3,4.4,4.7,5.1,5.6,6.6,7.7,8.3,8.0,7.5,6.8,6.0,5.6,5.4,5.6,5.9,6.2,6.4,6.8,6.8,6.9,7.0,7.6,7.6,6.9,6.4
24860,"Greenville-Anderson-Greer, SC",24860,2.6,2.7,2.6,2.6,2.6,2.5,2.5,2.5,2.5,2.6,2.6,2.7,2.9,2.9,2.9,2.9,3.3,3.4,3.2,3.1,3.2,3.2,3.3,3.4,3.3,3.5,3.6,3.5,3.5,3.2,3.4,3.3,3.4,3.6,3.6,3.7,3.7,3.7,3.9,3.9,4.0,4.5,4.9,4.8,4.6
24340,"Grand Rapids-Wyoming-Kentwood, MI",24340,1.9,2.0,2.0,1.9,1.8,1.7,1.8,1.8,1.8,2.0,2.1,2.1,2.1,2.1,2.0,2.0,2.1,2.2,2.2,2.3,2.4,2.5,2.6,2.7,2.7,2.8,2.7,2.6,2.0,1.8,1.9,2.0,2.2,2.4,2.5,2.6,2.7,2.9,3.0,3.2,3.3,3.7,3.9,4.0,4.2
24780,"Greenville, NC",24780,4.2,4.2,4.0,3.8,3.7,3.7,3.7,3.6,3.4,3.2,3.2,3.2,3.2,3.2,3.2,3.2,3.3,3.2,3.3,3.3,3.4,3.5,3.6,3.6,3.7,3.8,3.8,3.8,3.8,3.8,3.7,3.6,3.5,3.4,3.3,3.3,3.2,3.4,3.3,3.6,3.7,4.1,4.6,4.5,4.5
25260,"Hanford-Corcoran, CA",25260,2.5,2.6,2.5,2.4,2.3,2.4,2.5,2.6,2.9,3.1,2.9,2.9,2.8,2.6,2.5,2.3,2.2,2.2,2.4,2.5,2.7,2.9,3.5,3.9,4.5,5.0,5.6,5.0,4.2,3.5,3.6,2.9,3.0,3.5,3.8,3.9,4.0,4.0,4.1,4.2,4.4,5.0,5.3,5.5,5.2
25420,"Harrisburg-Carlisle, PA",25420,2.6,2.6,2.5,2.5,2.4,2.4,2.4,2.4,2.4,2.4,2.4,2.4,2.4,2.5,2.5,2.4,2.4,2.4,2.4,2.3,2.3,2.4,2.5,2.5,2.6,2.7,2.8,2.9,2.9,2.8,2.8,2.7,2.7,2.6,2.6,2.7,2.6,2.6,2.6,2.7,2.8,3.1,3.2,3.3,3.5
25500,"Harrisonburg, VA",25500,4.1,4.0,3.6,3.7,3.5,3.3,3.2,3.2,3.3,3.4,3.4,3.4,3.5,3.5,3.5,3.5,3.6,3.5,3.5,3.5,3.4,3.5,3.5,3.5,3.8,4.3,4.6,4.6,4.5,4.4,4.2,4.0,3.9,3.8,3.9,3.9,3.9,3.9,3.8,3.7,3.8,4.0,4.4,4.4,4.6
25620,"Hattiesburg, MS",25620,3.6,3.3,3.3,3.5,3.4,3.5,3.4,3.2,3.0,2.9,2.8,2.7,2.7,2.7,2.7,2.7,2.7,2.7,2.7,2.8,2.8,2.9,3.0,3.1,3.1,3.2,3.4,3.5,3.3,3.2,3.1,3.1,3.1,3.0,2.9,2.8,2.8,2.8,2.8,2.9,2.9,3.0,3.4,3.5,3.7
25740,"Helena, MT",25740,3.0,2.7,2.8,2.7,2.9,2.8,2.7,2.5,2.5,2.4,2.4,2.4,2.5,2.7,2.8,2.9,3.0,3.1,3.1,3.1,3.2,3.3,3.4,3.6,3.8,3.9,4.1,4.1,4.0,4.0,3.9,3.9,3.9,4.1,4.2,4.3,4.3,4.5,4.6,4.7,4.9,5.7,6.5,6.5,6.6
25180,"Hagerstown-Martinsburg, MD-WV",25180,2.4,2.6,2.4,2.4,2.4,2.4,2.4,2.6,2.7,2.9,2.9,2.9,3.0,3.0,2.9,2.8,2.8,2.8,2.7,2.7,2.7,2.8,2.9,3.2,3.6,4.4,4.5,4.0,3.6,3.1,2.8,2.6,2.6,2.8,2.8,2.8,2.9,2.9,3.0,3.1,3.3,3.6,3.8,3.8,3.9
25860,"Hickory-Lenoir-Morganton, NC",25860,2.6,2.7,2.6,2.5,2.5,2.6,2.6,2.6,2.6,2.6,2.6,2.6,2.6,2.6,2.6,2.6,2.7,2.7,2.8,2.8,2.9,3.0,3.2,3.3,3.3,3.4,3.4,3.5,3.6,3.6,3.6,3.4,3.4,3.3,3.3,3.2,3.8,3.8,3.3,3.4,3.8,4.3,4.5,4.9,5.0
25980,"Hinesville, GA",25980,3.7,3.6,3.5,3.3,3.3,3.2,3.2,3.2,3.2,3.2,3.2,3.0,2.8,2.7,2.6,2.6,2.6,2.6,2.6,2.6,2.7,2.7,2.9,2.9,3.0,3.3,3.5,3.7,3.7,3.8,3.5,3.3,3.1,3.2,3.4,3.2,3.0,2.9,2.9,2.9,3.1,3.4,3.8,4.3,4.3
25940,"Hilton Head Island-Bluffton-Port Royal, SC",25940,3.9,4.0,3.9,3.9,3.7,3.7,3.7,3.8,3.9,4.1,4.1,4.2,4.2,4.3,4.2,4.4,4.4,4.6,4.6,4.7,4.9,5.2,5.3,5.4,5.7,6.2,6.7,6.6,6.1,5.9,5.5,5.3,5.0,4.9,4.9,4.8,4.8,4.8,4.9,4.8,4.8,5.3,6.3,6.9,7.0
25220,"Hammond, LA",25220,3.9,4.0,4.1,4.2,4.2,4.1,4.1,4.0,3.7,3.6,3.4,3.2,3.1,3.1,3.1,3.1,3.2,3.2,3.2,3.2,3.3,3.5,3.6,3.7,3.7,3.9,4.5,4.5,4.4,4.2,4.1,4.0,3.9,3.9,3.8,3.8,3.8,3.7,3.7,3.8,3.7,3.8,4.2,4.1,4.3
26380,"Houma-Bayou Cane-Thibodaux, LA",26380,2.9,2.9,3.0,3.2,3.3,3.3,3.5,3.4,3.1,2.9,2.8,2.7,2.7,2.7,2.8,2.7,2.6,2.5,2.5,2.5,2.5,2.6,2.7,2.7,2.8,2.9,3.0,2.9,3.0,2.9,2.8,2.8,2.7,2.7,2.8,3.1,3.1,3.2,3.3,3.3,3.1,3.0,3.2,3.3,3.2
26580,"Huntington-Ashland, WV-KY-OH",26580,3.4,3.2,2.6,2.8,2.8,2.8,2.8,2.8,2.8,2.6,2.5,2.5,2.7,2.7,2.7,2.7,2.7,2.7,2.7,2.7,2.8,2.9,2.9,3.0,3.0,3.0,2.9,2.9,2.8,2.9,2.8,2.8,2.7,2.6,2.7,2.8,2.8,2.9,2.9,2.7,2.8,2.9,3.0,3.0,3.1
26140,"Homosassa Springs, FL",26140,4.1,3.7,3.6,3.9,3.7,3.6,3.6,3.7,3.7,3.7,3.5,3.5,3.3,3.5,3.2,3.3,3.2,3.1,3.1,3.1,3.1,3.2,3.4,3.5,3.9,4.7,5.3,4.9,4.1,3.7,3.3,3.0,2.9,3.0,3.1,3.3,3.3,3.6,3.8,3.9,4.0,4.7,5.8,5.9,6.0
46520,"Urban Honolulu, HI",46520,5.5,4.9,5.4,5.4,5.3,5.3,5.2,5.3,5.8,6.6,8.1,7.4,7.3,7.4,7.5,7.2,6.9,6.3,5.9,5.6,5.4,5.4,6.0,6.6,7.6,9.1,9.3,9.0,8.6,8.2,8.8,8.3,8.6,8.7,8.9,8.9,9.1,9.1,9.4,9.2,9.5,10.9,11.6,10.2,10.3
26420,"Houston-Pasadena-The Woodlands, TX",26420,2.6,2.5,2.7,2.8,2.6,2.4,2.4,2.2,2.1,2.1,2.2,2.2,2.3,2.3,2.3,2.2,2.2,2.2,2.3,2.3,2.5,2.6,2.8,2.9,2.9,2.9,2.9,2.8,2.7,2.7,2.8,2.7,2.8,3.1,3.2,3.4,3.4,3.5,3.5,3.6,3.7,4.2,4.5,4.2,4.2
26300,"Hot Springs, AR",26300,3.8,3.5,3.4,3.5,3.5,3.4,3.5,3.4,3.2,3.1,3.0,3.0,3.0,3.0,3.0,3.0,3.0,3.0,3.1,3.0,3.0,3.2,3.3,3.5,3.6,3.8,4.0,4.1,4.1,4.0,3.9,3.8,3.7,3.6,3.6,3.7,3.5,3.5,3.6,3.7,3.8,4.1,4.7,5.0,5.3
26620,"Huntsville, AL",26620,4.0,3.7,3.5,3.4,3.3,3.1,3.1,3.1,3.0,2.9,2.9,2.8,2.8,2.9,2.8,2.8,2.7,2.7,2.7,2.7,2.7,2.7,2.8,2.8,2.9,3.0,3.2,3.3,3.3,3.2,3.3,3.2,3.2,3.1,3.0,3.0,3.1,3.1,3.2,3.4,3.5,3.7,4.0,3.8,3.7
25540,"Hartford-West Hartford-East Hartford, CT",25540,3.4,3.4,3.2,3.2,3.1,3.2,3.5,4.1,4.4,4.1,3.8,3.6,3.4,3.2,3.2,3.1,3.1,3.0,2.9,2.9,3.0,3.0,3.3,3.7,3.9,4.2,4.1,4.1,3.7,3.5,3.6,3.5,3.3,3.3,3.2,3.1,3.1,3.1,3.1,3.0,3.3,3.6,3.7,3.8,4.0
26900,"Indianapolis-Carmel-Greenwood, IN",26900,2.4,2.5,2.3,2.3,2.3,2.2,2.2,2.2,2.2,2.2,2.3,2.3,2.4,2.4,2.4,2.4,2.5,2.5,2.5,2.4,2.4,2.4,2.4,2.4,2.4,2.4,2.3,2.3,2.1,2.2,2.4,2.4,2.5,2.6,2.7,2.7,2.8,2.9,3.0,3.1,3.4,3.7,4.0,3.9,4.0
26820,"Idaho Falls, ID",26820,2.8,2.9,2.7,2.7,2.6,2.5,2.5,2.5,2.3,2.2,2.2,2.2,2.2,2.3,2.3,2.3,2.3,2.4,2.4,2.4,2.4,2.5,2.6,2.6,2.8,3.0,3.3,3.4,3.4,3.4,3.3,3.2,3.1,3.1,3.1,3.1,3.2,3.4,3.7,3.8,4.1,4.9,5.5,5.3,5.3
26980,"Iowa City, IA",26980,3.9,3.7,3.5,3.5,3.4,3.3,3.2,3.1,2.9,2.9,2.9,2.9,3.0,3.0,3.2,3.2,3.2,3.2,3.2,3.1,3.2,3.3,3.4,3.4,3.5,3.6,3.5,3.3,3.3,3.4,3.4,3.3,3.3,3.2,3.2,3.2,3.5,3.5,3.5,3.5,3.6,3.7,3.9,4.0,4.3
27060,"Ithaca, NY",27060,2.8,2.7,2.6,2.5,2.7,2.9,3.2,3.5,3.6,3.5,3.3,3.2,3.3,3.3,3.1,2.9,2.9,2.9,2.7,2.6,2.6,2.8,2.8,3.0,3.1,3.3,3.3,3.2,3.3,3.2,3.1,3.0,3.1,3.0,3.0,3.1,3.2,3.4,3.5,3.6,3.7,3.9,4.4,4.8,5.4
27260,"Jacksonville, FL",27260,2.8,2.8,2.9,2.8,2.8,2.8,2.7,2.7,2.6,2.6,2.7,2.6,2.7,2.6,2.7,2.6,2.7,2.5,2.6,2.5,2.5,2.7,3.0,3.3,3.7,4.1,4.3,4.1,3.8,3.2,3.1,3.0,3.1,3.5,3.5,3.6,3.7,3.9,4.0,4.0,4.2,4.6,5.2,5.0,5.2
27100,"Jackson, MI",27100,1.9,1.9,1.7,1.6,1.6,1.5,1.6,1.6,1.6,1.7,1.7,1.8,1.9,1.8,1.8,1.9,2.0,2.1,2.1,2.2,2.2,2.3,2.5,2.6,2.7,2.8,2.8,2.7,2.5,2.4,2.2,2.2,2.2,2.2,2.2,2.3,2.4,2.5,2.4,2.5,2.5,2.7,3.0,3.0,3.2
27500,"Janesville-Beloit, WI",27500,2.3,2.2,2.0,2.0,1.9,1.8,1.9,1.8,1.8,1.8,1.8,1.8,1.9,1.9,2.0,2.0,2.1,2.1,2.1,2.1,2.2,2.2,2.3,2.4,2.5,2.6,2.7,2.7,2.6,2.5,2.5,2.4,2.4,2.4,2.3,2.3,2.4,2.5,2.5,2.5,2.5,2.7,3.1,3.1,3.2
27340,"Jacksonville, NC",27340,3.4,3.2,2.9,2.8,2.8,2.9,3.0,3.0,3.0,3.1,3.2,3.0,2.9,2.7,2.8,2.8,2.8,2.8,2.8,2.9,2.8,2.9,2.9,3.0,3.0,3.2,3.4,3.5,3.5,3.5,3.5,3.4,3.2,3.2,3.0,3.0,3.1,3.1,3.2,3.3,3.3,3.6,3.9,4.0,4.1
27140,"Jackson, MS",27140,3.7,3.4,3.4,3.5,3.4,3.4,3.3,3.1,2.9,2.8,2.8,2.7,2.6,2.6,2.6,2.5,2.7,2.6,2.7,2.6,2.6,2.8,2.9,2.8,3.0,3.3,3.5,3.1,2.9,3.1,3.1,3.1,3.2,3.3,3.3,3.4,3.4,3.4,3.3,3.3,3.7,4.0,4.2,3.7,3.9
27620,"Jefferson City, MO",27620,2.4,2.3,2.2,2.2,2.2,2.2,2.2,2.2,2.2,2.0,2.0,2.0,2.0,2.0,2.1,2.1,2.2,2.2,2.1,2.2,2.2,2.3,2.3,2.3,2.4,2.5,2.5,2.4,2.4,2.3,2.3,2.4,2.5,2.5,2.5,2.6,2.6,2.6,2.6,2.6,2.7,2.9,3.2,3.5,3.7
27180,"Jackson, TN",27180,3.3,3.3,3.1,3.1,2.9,3.0,3.0,2.8,2.8,2.5,2.5,2.5,2.5,2.5,2.4,2.5,2.5,2.6,2.6,2.5,2.6,2.7,2.7,2.7,2.7,2.8,2.9,2.8,2.8,2.7,2.7,2.6,2.6,2.5,2.6,2.7,2.7,2.8,2.8,2.9,2.9,3.3,3.8,3.9,3.9
27860,"Jonesboro, AR",27860,3.1,2.9,2.9,3.1,3.0,2.9,2.9,2.8,2.7,2.6,2.5,2.6,2.6,2.6,2.5,2.6,2.6,2.6,2.6,2.6,2.6,2.8,2.9,2.9,3.0,3.0,3.0,2.9,3.0,3.1,3.1,3.0,3.0,2.9,3.1,3.1,3.0,3.0,3.0,3.0,3.0,3.1,3.4,3.3,3.4
27780,"Johnstown, PA",27780,1.9,1.9,1.8,1.8,1.8,1.8,1.8,1.9,1.9,1.8,1.8,1.8,1.9,1.9,1.9,1.9,1.9,1.9,2.0,2.0,2.0,2.1,2.1,2.2,2.2,2.2,2.2,2.2,2.1,2.1,2.1,2.0,2.1,2.0,1.9,1.9,1.9,1.9,1.8,1.8,1.8,1.9,2.0,2.1,2.3
27900,"Joplin, MO-KS",27900,2.9,2.7,2.6,2.6,2.5,2.6,2.6,2.6,2.6,2.5,2.3,2.3,2.3,2.3,2.4,2.4,2.4,2.3,2.3,2.3,2.3,2.4,2.5,2.6,2.6,2.7,2.6,2.6,2.5,2.5,2.5,2.5,2.5,2.5,2.4,2.3,2.3,2.3,2.3,2.5,2.8,2.9,3.1,3.2,3.4
27740,"Johnson City, TN",27740,3.2,3.1,3.0,3.2,3.0,3.1,3.1,3.0,3.0,2.8,2.8,2.7,2.8,2.8,2.8,2.9,3.0,3.2,3.2,3.2,3.0,3.2,3.3,3.3,3.3,3.4,3.6,3.6,3.7,3.7,3.8,3.5,3.6,3.5,3.5,3.5,3.4,3.6,3.7,3.6,3.9,4.4,4.7,5.0,5.6
27980,"Kahului-Wailuku, HI",27980,5.9,4.1,4.6,4.6,4.4,4.3,4.2,4.2,4.4,4.9,5.3,5.4,5.5,5.5,5.5,5.6,5.5,5.3,5.3,5.1,5.4,6.0,6.7,7.5,9.3,10.9,11.9,11.9,11.2,11.0,11.0,9.7,9.3,8.7,8.9,9.0,9.0,9.3,9.6,10.6,10.7,11.4,12.4,12.3,12.7
28100,"Kankakee, IL",28100,1.5,1.7,1.5,1.5,1.6,1.6,1.6,1.6,1.7,1.7,1.7,1.8,1.8,1.8,1.9,1.9,1.9,2.0,2.0,1.9,2.1,2.2,2.3,2.5,2.6,2.6,2.7,2.7,2.6,2.6,2.4,2.4,2.4,2.1,2.1,2.1,2.2,2.2,2.4,2.5,2.6,2.8,2.8,2.9,3.1
28140,"Kansas City, MO-KS",28140,3.1,3.0,2.9,2.8,2.7,2.6,2.6,2.5,2.5,2.3,2.3,2.3,2.3,2.4,2.4,2.4,2.5,2.6,2.6,2.6,2.6,2.7,2.8,2.9,3.0,3.0,2.9,2.8,2.6,2.5,2.6,2.4,2.6,2.7,2.7,2.8,2.9,3.0,3.1,3.2,3.4,3.8,4.0,4.0,4.1
28450,"Kenosha, WI",28450,1.9,1.9,1.6,1.6,1.7,1.7,1.8,1.8,1.9,2.0,2.3,2.5,2.6,2.6,2.6,2.6,2.6,2.6,2.6,2.5,2.6,2.8,3.0,3.1,3.3,3.5,3.6,3.5,3.1,2.5,2.6,2.5,2.6,2.8,2.9,2.9,3.1,3.2,3.2,3.2,3.3,3.6,3.6,3.5,3.7
28660,"Killeen-Temple, TX",28660,3.5,3.4,3.5,3.5,3.4,3.4,3.4,3.1,2.9,2.9,2.8,2.7,2.7,2.6,2.6,2.6,2.6,2.5,2.4,2.4,2.3,2.4,2.5,2.6,2.7,2.7,2.7,2.7,2.7,2.7,2.7,2.6,2.7,2.6,2.6,2.7,2.8,2.8,2.9,3.0,3.1,3.5,4.0,3.8,3.7
28700,"Kingsport-Bristol, TN-VA",28700,3.2,3.1,2.9,3.1,2.9,3.0,3.0,3.0,2.9,2.7,2.5,2.4,2.5,2.5,2.5,2.7,2.7,2.8,2.9,2.9,3.0,3.1,3.1,3.1,3.2,3.3,3.4,3.4,3.4,3.4,3.3,3.3,3.1,3.2,3.1,3.2,3.2,3.3,3.3,3.5,3.5,3.9,4.5,4.8,5.1
28740,"Kingston, NY",28740,2.3,2.3,2.2,2.2,2.3,2.5,2.7,3.0,3.2,3.1,2.9,2.8,2.8,2.8,2.7,2.7,2.7,2.6,2.6,2.5,2.9,3.0,3.6,4.2,4.6,5.0,4.6,4.6,4.3,3.7,3.9,3.6,3.2,3.6,3.4,3.3,3.3,3.4,3.4,3.7,4.1,4.6,4.7,4.7,4.8
28880,"Kiryas Joel-Poughkeepsie-Newburgh, NY",28880,2.4,2.4,2.4,2.4,2.6,2.8,3.1,3.4,3.4,3.2,2.9,2.8,2.7,2.7,2.6,2.5,2.5,2.4,2.4,2.5,2.7,2.9,3.5,4.0,4.4,4.8,4.8,4.6,4.2,3.7,3.9,3.7,3.6,3.6,3.5,3.4,3.2,3.1,3.0,3.1,3.4,4.0,4.2,4.1,4.5
28020,"Kalamazoo-Portage, MI",28020,2.3,2.4,2.3,2.2,2.1,2.0,2.0,2.0,2.1,2.1,2.1,2.2,2.2,2.2,2.2,2.3,2.4,2.5,2.5,2.6,2.6,2.8,3.0,3.0,3.1,3.2,3.2,3.1,3.0,3.0,2.9,2.8,2.7,2.8,2.7,2.7,2.7,2.7,2.7,2.7,2.8,3.0,3.4,3.5,3.7
28420,"Kennewick-Richland, WA",28420,2.5,2.3,1.9,2.0,2.1,2.1,2.0,2.0,1.8,1.9,1.9,2.0,2.2,2.6,2.7,2.5,2.5,2.4,2.5,2.5,2.6,2.7,2.9,3.0,3.0,3.1,3.2,3.4,3.2,3.1,3.2,3.1,3.1,3.2,3.2,3.3,3.6,3.8,4.2,4.3,4.4,4.9,5.4,5.2,5.2
28940,"Knoxville, TN",28940,3.2,3.2,3.0,3.2,3.1,3.1,3.1,3.1,3.0,2.9,3.0,3.0,2.9,3.0,3.0,3.0,3.1,3.1,3.1,3.0,3.0,3.1,3.2,3.4,3.3,3.6,3.6,3.6,3.4,3.3,3.3,3.3,3.2,3.2,3.2,3.3,3.3,3.4,3.5,3.6,3.8,4.4,4.8,4.9,5.1
29020,"Kokomo, IN",29020,2.1,2.2,2.0,2.0,1.7,1.7,1.7,1.7,1.7,1.7,1.8,1.8,1.9,1.8,1.8,1.9,2.0,2.0,2.0,2.0,2.1,2.1,2.2,2.2,2.2,2.3,2.3,2.2,2.1,2.1,2.1,2.2,2.1,2.0,1.9,2.0,2.0,2.0,2.0,2.0,2.1,2.4,2.7,2.8,2.9
29540,"Lancaster, PA",29540,3.0,3.0,2.8,2.8,2.7,2.6,2.6,2.6,2.7,2.8,2.9,2.9,3.0,3.0,2.9,2.8,2.8,2.7,2.7,2.6,2.6,2.7,2.8,2.9,3.1,3.3,3.5,3.5,3.4,3.4,3.4,3.3,3.2,3.1,3.1,3.1,3.1,3.1,3.0,3.1,3.2,3.4,3.7,3.9,4.1
29700,"Laredo, TX",29700,3.2,3.2,3.6,4.0,4.1,4.0,4.0,3.7,3.4,3.2,3.1,2.9,2.9,2.8,2.9,2.9,2.9,2.8,2.8,2.9,2.9,3.1,3.1,3.2,3.2,3.2,3.4,3.4,3.2,3.2,3.1,3.1,3.0,3.0,3.0,3.2,3.2,3.2,3.0,3.0,3.0,3.1,3.5,3.6,3.5
29460,"Lakeland-Winter Haven, FL",29460,3.3,3.0,2.9,3.1,2.9,2.8,2.8,2.7,2.6,2.5,2.5,2.6,2.6,2.6,2.5,2.4,2.4,2.4,2.4,2.3,2.3,2.4,2.7,2.8,3.0,3.6,4.2,4.2,3.4,2.5,2.3,2.2,2.5,2.8,3.0,3.2,3.5,3.6,3.9,4.0,4.2,4.7,5.4,5.0,4.8
29420,"Lake Havasu City-Kingman, AZ",29420,3.5,3.8,3.7,4.1,4.0,3.9,3.9,3.8,3.6,3.4,3.3,3.4,3.6,3.5,3.4,3.3,3.4,3.3,3.3,3.2,3.2,3.4,3.6,3.9,4.6,5.5,6.0,5.5,4.5,4.1,3.5,3.3,3.3,3.5,3.4,3.6,3.7,3.9,4.0,4.2,4.4,5.3,5.9,5.6,5.7
29620,"Lansing-East Lansing, MI",29620,2.2,2.3,2.0,1.9,1.8,1.8,1.8,1.9,1.9,1.9,1.9,1.9,2.0,2.0,2.0,2.1,2.1,2.2,2.3,2.4,2.4,2.6,2.8,2.9,3.0,3.0,2.9,2.6,2.0,1.6,1.8,1.6,1.8,2.1,2.3,2.4,2.5,2.5,2.5,2.6,2.7,2.9,3.0,3.0,3.1
29820,"Las Vegas-Henderson-North Las Vegas, NV",29820,3.3,3.4,3.7,3.3,3.2,3.1,3.1,2.9,2.8,2.8,2.9,3.1,3.2,3.2,3.1,3.0,3.0,3.0,3.0,2.9,3.0,3.3,3.5,3.9,5.5,5.9,5.7,5.2,3.8,2.6,2.6,2.4,2.6,3.4,3.8,4.1,4.3,4.5,4.9,5.0,5.2,6.1,6.6,6.0,6.1
30020,"Lawton, OK",30020,3.0,3.0,3.2,3.3,3.2,3.0,2.9,2.7,2.5,2.5,2.4,2.3,2.2,2.2,2.3,2.3,2.3,2.3,2.3,2.3,2.4,2.4,2.5,2.6,2.6,2.8,2.9,2.9,2.8,2.8,2.8,2.8,2.8,2.8,2.7,2.6,2.6,2.6,2.6,2.6,2.8,2.9,3.3,3.2,3.3
29180,"Lafayette, LA",29180,3.4,3.3,3.5,3.7,3.6,3.3,3.3,3.1,2.8,2.8,2.9,2.8,2.9,2.9,3.0,2.9,2.8,2.7,2.8,2.9,2.9,2.9,3.0,3.1,3.1,3.2,3.4,3.3,3.2,3.2,3.1,3.0,3.0,2.9,2.9,3.1,3.2,3.3,3.4,3.4,3.4,3.6,3.8,3.7,3.7
31180,"Lubbock, TX",31180,3.2,3.0,2.8,3.0,2.9,2.9,2.9,2.8,2.7,2.6,2.5,2.5,2.6,2.6,2.6,2.6,2.6,2.6,2.6,2.6,2.6,2.7,2.9,3.0,3.0,3.1,3.2,3.0,3.0,3.1,3.1,3.1,3.0,3.0,3.0,3.1,3.1,3.0,3.1,3.1,3.2,3.6,3.9,3.9,3.9
29340,"Lake Charles, LA",29340,2.7,2.8,2.9,3.2,3.2,3.2,3.2,3.1,2.8,2.7,2.5,2.4,2.4,2.5,2.5,2.5,2.5,2.5,2.5,2.6,2.6,2.7,2.7,2.7,2.8,2.9,3.0,2.9,2.8,2.9,2.8,2.8,2.7,2.7,2.6,2.8,2.6,2.8,2.9,3.0,2.9,2.9,3.0,2.9,2.8
29100,"La Crosse-Onalaska, WI-MN",29100,3.1,2.7,2.4,2.6,2.5,2.5,2.4,2.3,2.3,2.3,2.3,2.3,2.3,2.3,2.3,2.4,2.4,2.4,2.4,2.4,2.5,2.6,2.7,2.8,2.9,3.0,3.0,2.9,2.9,2.9,2.9,2.9,2.8,2.8,2.8,2.8,2.8,2.8,2.9,2.9,2.9,3.1,3.4,3.5,3.7
30140,"Lebanon, PA",30140,2.0,2.0,2.0,2.0,2.0,2.0,2.1,2.2,2.3,2.3,2.3,2.4,2.4,2.5,2.5,2.5,2.5,2.5,2.5,2.4,2.4,2.5,2.6,2.6,2.7,2.9,3.1,3.2,3.2,3.1,3.0,3.0,2.9,2.9,2.9,2.9,2.9,2.8,2.9,2.9,2.9,3.1,3.3,3.4,3.6
30500,"Lexington Park, MD",30500,3.3,3.2,2.9,2.8,2.7,2.6,2.6,2.7,2.8,2.9,2.9,3.0,3.0,3.0,3.0,3.0,2.9,2.7,2.6,2.6,2.6,2.9,3.2,3.6,4.1,4.9,5.0,4.9,4.3,3.9,3.6,3.4,3.5,3.6,3.6,3.5,3.6,3.6,3.4,3.2,3.3,3.5,3.7,3.8,4.1
30300,"Lewiston, ID-WA",30300,3.1,3.1,2.9,2.9,2.6,2.8,2.7,2.7,2.4,2.4,2.5,2.5,2.6,2.6,2.9,3.0,3.0,3.0,2.9,3.1,3.2,3.3,3.2,3.2,3.3,3.5,3.8,3.8,3.6,3.7,3.6,3.6,3.5,3.6,3.6,3.8,3.8,4.2,4.2,4.4,4.8,5.5,6.1,5.7,6.0
30340,"Lewiston-Auburn, ME",30340,2.5,2.8,2.5,2.5,2.6,2.7,2.9,3.1,3.2,3.2,3.2,3.3,3.2,3.0,2.8,2.7,2.7,2.5,2.5,2.4,2.4,2.6,2.8,3.0,3.2,3.6,3.7,3.7,3.6,3.6,3.5,3.3,3.3,3.2,3.1,3.0,3.0,3.1,3.0,3.0,3.0,3.5,4.0,4.3,4.5
30460,"Lexington-Fayette, KY",30460,3.2,3.3,3.1,3.2,3.1,3.1,3.0,2.9,3.0,2.8,2.6,2.6,2.7,2.7,2.8,2.7,2.6,2.7,2.7,2.7,2.9,3.0,3.1,3.3,3.3,3.4,3.3,3.1,3.0,2.9,3.1,2.9,2.9,2.9,2.8,2.8,2.8,2.9,2.9,3.0,3.2,3.5,3.7,3.7,3.9
29200,"Lafayette-West Lafayette, IN",29200,2.7,2.7,2.5,2.5,2.4,2.3,2.4,2.4,2.3,2.3,2.3,2.3,2.4,2.5,2.6,2.6,2.6,2.6,2.7,2.7,2.7,2.8,2.9,2.9,2.9,2.9,2.8,2.7,2.7,2.7,2.6,2.6,2.5,2.5,2.4,2.6,2.6,2.7,2.8,3.0,3.1,3.4,3.8,3.8,3.9
30620,"Lima, OH",30620,2.4,2.4,2.1,2.1,2.0,1.9,1.9,1.9,2.0,2.0,2.0,2.1,2.1,2.1,2.1,2.1,2.2,2.3,2.2,2.2,2.2,2.3,2.3,2.3,2.3,2.4,2.3,2.2,2.2,2.3,2.3,2.2,2.1,2.2,2.2,2.2,2.1,2.2,2.1,2.2,2.4,2.6,2.7,2.7,2.7
30700,"Lincoln, NE",30700,2.3,2.2,2.3,2.2,2.1,2.1,2.0,2.0,1.9,2.0,2.0,2.0,2.1,2.2,2.3,2.3,2.4,2.4,2.5,2.4,2.5,2.7,2.8,2.9,2.9,2.9,2.9,2.7,2.7,2.7,2.7,2.7,2.8,2.8,2.8,2.8,2.9,2.9,3.1,3.2,3.4,3.7,4.0,4.0,4.0
30780,"Little Rock-North Little Rock-Conway, AR",30780,3.0,3.0,2.8,2.9,2.8,2.8,2.8,2.7,2.6,2.4,2.4,2.3,2.5,2.6,2.4,2.4,2.4,2.4,2.5,2.3,2.2,2.4,2.4,2.6,2.6,2.8,2.9,2.8,2.8,2.9,2.9,2.8,2.9,2.8,2.7,2.7,2.7,2.7,2.7,2.7,2.9,3.1,3.3,3.1,3.2
30980,"Longview, TX",30980,3.0,2.9,3.0,3.1,3.0,3.0,3.0,2.8,2.6,2.5,2.4,2.4,2.4,2.4,2.4,2.4,2.4,2.4,2.4,2.4,2.4,2.5,2.6,2.7,2.7,2.8,2.9,2.9,2.9,2.9,2.9,2.9,2.9,2.9,2.9,2.9,3.0,2.9,3.0,3.0,3.1,3.5,3.6,3.4,3.5
30860,"Logan, UT-ID",30860,3.2,3.2,3.2,3.2,3.0,2.9,2.9,2.6,2.4,2.3,2.2,2.3,2.3,2.4,2.7,2.8,2.9,3.0,3.0,2.9,3.0,3.1,3.1,3.1,3.2,3.4,3.5,3.5,3.5,3.5,3.6,3.5,3.5,3.4,3.4,3.3,3.5,3.6,4.1,4.1,4.4,5.2,5.8,5.1,4.9
31020,"Longview-Kelso, WA",31020,2.8,2.8,2.2,2.2,2.5,2.6,2.5,2.3,2.2,2.2,2.2,2.4,2.6,2.9,3.1,3.2,3.4,3.4,3.5,3.5,3.5,3.6,3.7,3.6,3.7,3.9,4.5,4.7,4.5,4.3,4.1,3.8,3.5,3.7,3.8,4.0,4.1,4.3,4.5,4.5,4.7,5.3,5.9,5.9,6.1
31080,"Los Angeles-Long Beach-Anaheim, CA",31080,4.8,4.9,4.2,4.6,4.4,4.3,4.3,4.6,5.1,5.9,6.2,6.1,6.0,5.7,5.2,4.8,4.6,4.4,4.5,4.5,5.2,5.7,6.9,8.2,9.9,10.8,11.1,10.5,7.5,6.2,6.5,6.3,6.6,7.9,8.4,8.5,8.5,8.7,8.8,8.6,9.0,10.5,10.8,10.2,10.8
29740,"Las Cruces, NM",29740,3.4,3.6,3.6,3.6,3.5,3.5,3.5,3.5,3.4,3.4,3.2,3.2,3.2,3.3,3.4,3.4,3.5,3.4,3.4,3.3,3.2,3.3,3.4,3.4,3.6,3.9,4.1,4.1,3.9,3.9,3.8,3.7,3.6,3.6,3.6,3.6,3.8,3.9,4.0,3.9,3.9,4.2,4.7,4.6,4.5
31140,"Louisville/Jefferson County, KY-IN",31140,2.4,2.4,2.3,2.2,2.2,2.1,2.1,2.1,2.2,2.1,2.2,2.3,2.3,2.4,2.5,2.5,2.6,2.6,2.7,2.7,2.8,2.7,2.9,3.0,3.0,3.0,3.0,2.9,2.8,2.8,2.9,2.8,2.8,2.8,2.8,2.9,3.0,3.1,3.1,3.2,3.4,3.6,3.8,3.8,3.9
29940,"Lawrence, KS",29940,3.4,3.3,3.2,3.2,3.1,3.0,3.1,3.0,2.9,2.8,2.8,2.7,2.7,2.8,2.9,3.0,3.1,3.1,3.1,3.0,3.1,3.3,3.5,3.6,3.8,3.9,3.9,3.7,3.8,3.7,3.6,3.5,3.4,3.4,3.4,3.4,3.3,3.3,3.4,3.3,3.4,3.7,4.2,4.4,4.3
31340,"Lynchburg, VA",31340,3.1,3.1,2.7,2.8,2.6,2.6,2.5,2.6,2.7,2.7,2.7,2.8,2.8,2.9,2.9,3.0,3.0,3.0,3.0,3.0,3.0,3.2,3.4,3.5,3.6,3.9,4.1,4.5,4.4,4.1,3.9,3.8,3.6,3.6,3.4,3.5,3.4,3.5,3.4,3.4,3.4,3.7,4.2,4.2,4.3
31420,"Macon-Bibb County, GA",31420,2.4,2.5,2.6,2.5,2.4,2.5,2.4,2.3,2.3,2.3,2.3,2.3,2.3,2.2,2.2,2.2,2.2,2.2,2.2,2.2,2.2,2.3,2.4,2.5,2.6,2.6,2.7,2.6,2.6,2.6,2.6,2.4,2.3,2.3,2.3,2.3,2.7,3.0,2.9,3.0,3.1,3.4,3.8,3.6,3.6
31540,"Madison, WI",31540,2.9,2.8,2.8,2.8,2.7,2.5,2.4,2.4,2.4,2.4,2.4,2.5,2.5,2.7,2.9,3.0,2.9,2.9,2.9,2.8,3.1,3.2,3.4,3.6,3.8,4.1,4.0,3.9,3.8,3.6,3.8,3.6,3.5,3.6,3.7,3.7,3.6,3.8,3.9,4.0,4.3,4.6,4.8,5.1,5.5
31860,"Mankato, MN",31860,3.2,3.0,2.6,2.7,2.7,2.7,2.6,2.5,2.4,2.3,2.3,2.4,2.4,2.4,2.5,2.5,2.5,2.5,2.4,2.5,2.5,2.7,2.9,3.0,3.1,3.3,3.1,3.1,3.0,3.1,3.0,2.8,2.9,2.9,2.9,2.9,2.9,2.9,2.9,2.8,2.9,3.0,3.4,3.6,3.7
31900,"Mansfield, OH",31900,2.3,2.3,2.0,2.1,1.9,1.9,1.9,1.9,2.0,2.0,2.0,2.1,2.2,2.1,2.2,2.3,2.3,2.3,2.4,2.4,2.4,2.5,2.6,2.6,2.7,2.8,2.7,2.6,2.5,2.5,2.5,2.3,2.3,2.2,2.2,2.3,2.2,2.2,2.2,2.2,2.3,2.5,2.8,3.0,3.2
32580,"McAllen-Edinburg-Mission, TX",32580,2.4,2.4,2.6,2.7,2.8,2.7,2.7,2.5,2.4,2.3,2.2,2.2,2.3,2.4,2.4,2.4,2.4,2.3,2.3,2.2,2.2,2.3,2.4,2.4,2.5,2.6,2.6,2.6,2.6,2.5,2.5,2.4,2.4,2.3,2.4,2.4,2.5,2.5,2.5,2.4,2.4,2.5,2.9,2.9,2.9
32900,"Merced, CA",32900,2.6,2.7,2.6,2.5,2.4,2.4,2.5,2.5,2.9,3.2,3.5,3.7,3.6,3.4,3.3,3.2,3.1,2.9,2.9,2.9,3.0,3.5,4.1,4.8,5.5,7.2,7.1,5.8,3.6,2.5,2.6,2.6,2.9,3.5,3.9,4.3,4.5,4.8,4.9,4.8,5.2,5.9,6.6,6.7,7.0
32780,"Medford, OR",32780,4.1,4.2,3.9,3.4,3.1,3.2,3.0,2.9,2.8,2.9,3.2,3.3,3.4,3.5,3.7,3.8,3.9,3.9,3.9,3.9,4.1,4.6,5.1,5.6,6.5,8.0,8.6,8.4,7.4,7.0,6.2,5.6,5.0,4.8,5.0,5.3,5.5,5.8,6.1,6.1,6.0,6.5,6.7,6.3,6.3
32820,"Memphis, TN-MS-AR",32820,3.4,3.4,3.2,3.3,2.9,3.1,3.2,3.2,3.1,3.0,2.9,2.9,3.0,2.9,2.7,2.6,2.8,2.9,2.9,2.8,2.8,3.0,3.1,3.3,3.3,3.3,3.2,3.0,2.5,2.6,2.6,2.5,2.5,2.8,2.9,3.0,3.1,3.3,3.4,3.6,4.1,4.3,4.4,4.3,4.3
33100,"Miami-Fort Lauderdale-West Palm Beach, FL",33100,3.4,3.3,3.1,3.3,3.1,2.9,2.9,2.8,2.9,2.9,3.1,3.1,3.2,3.2,3.1,3.1,3.2,3.3,3.3,3.3,3.5,3.9,4.8,5.7,6.9,8.5,8.0,7.6,6.0,4.4,4.4,4.0,4.4,5.3,5.5,5.6,5.9,6.2,6.1,6.1,6.4,7.3,8.0,7.8,8.0
33140,"Michigan City-La Porte, IN",33140,2.1,2.2,2.1,2.1,2.1,2.0,2.0,2.0,2.0,2.0,1.9,2.0,2.1,2.1,2.2,2.2,2.2,2.3,2.3,2.3,2.3,2.4,2.5,2.5,2.4,2.4,2.4,2.4,2.4,2.4,2.3,2.3,2.3,2.4,2.5,2.4,2.4,2.4,2.4,2.4,2.4,2.5,3.0,3.3,3.3
33260,"Midland, TX",33260,2.6,2.5,2.9,2.9,2.8,2.7,2.8,2.5,2.4,2.4,2.3,2.3,2.3,2.4,2.4,2.3,2.3,2.2,2.2,2.1,2.1,2.1,2.1,2.1,2.1,2.1,2.3,2.4,2.4,2.4,2.4,2.3,2.3,2.2,2.2,2.5,2.7,2.9,3.0,3.1,3.2,3.5,3.7,3.5,3.5
33340,"Milwaukee-Waukesha, WI",33340,2.9,2.8,2.6,2.6,2.5,2.4,2.4,2.4,2.4,2.4,2.6,2.6,2.8,2.9,2.9,2.9,2.9,2.9,3.0,2.9,2.9,3.1,3.6,3.8,4.1,4.4,4.4,4.2,4.0,3.7,4.1,3.6,3.6,3.8,3.8,3.9,3.9,4.0,4.0,4.1,4.3,4.6,4.7,4.8,4.9
33220,"Midland, MI",33220,2.2,2.2,1.9,1.9,1.9,1.9,1.9,1.9,1.9,1.9,2.0,2.0,2.0,2.0,2.1,2.1,2.1,2.1,2.2,2.2,2.2,2.3,2.4,2.4,2.5,2.5,2.4,2.3,2.2,2.2,2.0,2.0,2.0,2.2,2.3,2.4,2.4,2.4,2.3,2.3,2.2,2.4,2.7,2.9,3.0
33540,"Missoula, MT",33540,3.9,3.8,3.9,3.6,3.7,3.5,3.5,3.2,3.1,2.9,2.9,3.0,3.2,3.5,3.8,4.0,4.1,4.1,4.2,4.1,4.2,4.4,4.7,4.9,5.3,5.7,5.9,6.1,6.0,5.9,5.7,5.5,5.3,5.4,5.5,5.7,5.5,5.7,5.8,5.6,5.8,6.7,7.8,7.7,8.0
31700,"Manchester-Nashua, NH",31700,3.1,3.0,2.8,2.6,2.7,3.0,3.3,3.5,3.4,3.3,3.3,3.1,3.0,3.0,2.9,2.8,2.7,2.7,2.7,2.7,2.8,3.1,3.4,3.7,4.0,4.2,4.2,3.9,3.5,3.3,3.4,3.1,3.1,3.2,3.2,3.4,3.4,3.6,3.6,3.9,4.2,4.6,4.8,4.6,5.0
33740,"Monroe, LA",33740,3.3,3.5,3.5,3.6,3.5,3.3,3.3,3.1,3.0,2.8,2.7,2.6,2.6,2.5,2.6,2.6,2.6,2.6,2.7,2.7,2.7,2.8,2.9,3.0,3.0,3.1,3.2,3.2,3.1,3.1,3.2,3.1,3.1,3.1,3.1,3.3,3.3,3.3,3.3,3.3,3.4,3.6,3.8,3.6,3.5
31740,"Manhattan, KS",31740,3.4,3.3,3.2,3.1,2.8,2.9,2.9,2.9,2.8,2.8,2.6,2.7,2.6,2.7,2.9,2.9,2.8,2.6,2.6,2.6,2.7,2.9,3.0,3.1,3.3,3.5,3.7,3.6,3.4,3.3,3.3,3.3,3.3,3.3,3.4,3.6,3.6,3.6,3.7,3.7,3.7,4.1,4.3,4.4,4.5
33460,"Minneapolis-St. Paul-Bloomington, MN-WI",33460,2.9,2.8,2.8,2.7,2.6,2.5,2.5,2.5,2.4,2.4,2.4,2.4,2.4,2.4,2.4,2.4,2.5,2.4,2.5,2.6,2.6,2.9,3.2,3.5,3.6,3.8,3.7,3.5,3.0,2.8,2.6,2.4,2.6,2.8,3.0,3.1,3.2,3.3,3.4,3.5,3.7,4.0,4.1,4.0,4.0
33500,"Minot, ND",33500,2.6,2.8,2.2,2.4,2.7,2.5,2.5,2.5,2.3,2.2,2.1,2.1,2.1,2.2,2.2,2.2,2.1,2.1,2.2,2.1,2.1,2.3,2.4,2.5,2.6,2.7,2.8,3.0,2.9,2.8,2.9,2.9,3.0,3.3,3.3,3.4,3.4,3.4,3.4,3.4,3.3,3.5,3.5,3.6,3.9
33660,"Mobile, AL",33660,3.0,2.8,2.7,2.7,2.7,2.6,2.7,2.6,2.6,2.5,2.4,2.4,2.4,2.5,2.4,2.5,2.7,2.7,2.8,2.8,2.8,2.9,3.1,3.2,3.3,3.5,3.6,3.4,3.3,3.1,2.9,2.5,2.5,2.6,2.7,2.8,3.0,3.0,3.1,3.2,3.3,3.8,4.0,4.0,3.9
33700,"Modesto, CA",33700,3.3,3.3,3.3,3.2,3.0,3.0,3.1,3.1,3.5,3.8,3.7,3.8,3.8,3.6,3.5,3.4,3.5,3.3,3.1,3.0,3.2,3.8,4.4,5.0,5.6,7.0,7.1,6.3,4.0,2.8,3.0,2.8,3.0,3.8,4.4,4.6,4.8,5.0,5.1,5.2,5.4,6.0,5.9,5.5,5.4
33780,"Monroe, MI",33780,2.2,2.2,1.9,1.9,1.9,1.9,1.9,1.9,1.9,1.9,2.0,2.0,2.1,2.0,2.1,2.2,2.3,2.4,2.4,2.5,2.6,2.7,2.8,2.9,3.0,3.1,3.0,2.9,2.6,2.5,2.4,2.3,2.2,2.2,2.3,2.4,2.5,2.5,2.6,2.6,2.6,2.8,3.1,3.2,3.3
34060,"Morgantown, WV",34060,4.5,4.0,3.3,3.4,3.3,3.3,3.3,3.3,3.2,3.2,3.1,3.1,3.2,3.2,3.3,3.4,3.6,3.6,3.7,3.5,3.5,3.5,3.4,3.4,3.5,3.8,3.7,3.4,3.4,3.2,3.2,3.4,3.3,3.5,3.5,3.6,3.5,3.4,3.4,3.4,3.4,3.6,4.0,4.0,4.0
33860,"Montgomery, AL",33860,3.5,3.3,3.1,3.0,3.0,2.8,2.8,2.8,2.7,2.6,2.5,2.7,2.7,2.8,2.7,2.7,2.7,2.8,2.7,2.7,2.7,2.8,3.0,3.0,3.0,3.2,3.4,3.3,3.0,2.9,2.9,2.8,2.8,2.9,3.0,2.8,2.8,2.8,2.7,2.9,3.2,3.5,3.4,3.2,3.3
34580,"Mount Vernon-Anacortes, WA",34580,3.2,3.2,2.7,2.8,2.8,2.7,2.7,2.6,2.6,2.6,2.9,3.1,3.3,3.5,3.7,3.8,3.9,3.9,3.9,3.9,4.0,4.1,4.2,4.3,4.6,5.3,5.8,6.0,5.6,5.2,4.8,4.5,4.4,4.5,4.6,4.7,4.7,4.7,5.0,5.0,5.4,6.0,6.7,6.0,6.0
34100,"Morristown, TN",34100,3.3,3.3,3.1,3.2,3.1,3.1,3.1,2.9,2.8,2.6,2.5,2.4,2.5,2.5,2.6,2.7,2.8,3.0,3.0,3.0,3.0,3.1,3.2,3.2,3.2,3.4,3.6,3.6,3.6,3.6,3.5,3.4,3.4,3.3,3.3,3.3,3.3,3.3,3.4,3.3,3.4,3.8,4.4,4.6,4.6
34820,"Myrtle Beach-Conway-North Myrtle Beach, SC",34820,4.4,4.4,4.1,3.8,3.6,3.6,3.6,3.6,3.5,3.4,3.4,3.5,3.5,3.5,3.4,3.4,3.5,3.5,3.5,3.5,3.5,3.7,3.9,4.0,4.3,4.8,5.4,5.5,5.2,4.9,4.6,4.3,4.1,4.0,3.8,4.0,4.1,4.2,4.3,4.3,4.4,4.8,5.6,5.1,4.9
34620,"Muncie, IN",34620,2.0,2.1,2.0,2.0,1.9,1.9,1.9,1.8,1.8,1.8,1.8,1.8,1.8,1.9,1.8,1.9,1.9,2.0,2.1,2.2,2.2,2.3,2.4,2.5,2.5,2.6,2.5,2.4,2.3,2.3,2.3,2.2,2.2,2.2,2.1,2.1,2.1,2.1,2.1,2.2,2.1,2.3,2.4,2.6,2.7
34740,"Muskegon-Norton Shores, MI",34740,1.8,1.8,1.7,1.6,1.5,1.5,1.6,1.7,1.8,1.8,1.9,2.0,2.0,2.0,2.0,2.0,2.1,2.1,2.2,2.2,2.3,2.4,2.5,2.6,2.6,2.6,2.5,2.5,2.4,2.4,2.2,2.1,2.1,2.2,2.2,2.3,2.3,2.3,2.3,2.3,2.4,2.6,3.0,3.2,3.3
34900,"Napa, CA",34900,4.4,4.5,4.4,4.3,4.0,3.9,4.0,4.0,4.6,5.0,4.9,4.9,5.1,4.9,5.0,4.8,4.5,4.5,4.4,4.9,5.6,6.1,7.0,8.4,9.2,10.5,10.4,10.0,6.9,5.4,5.5,5.2,5.6,6.9,7.9,8.2,8.1,8.2,8.1,7.8,8.4,9.5,9.9,8.5,8.8
34980,"Nashville-Davidson--Murfreesboro--Franklin, TN",34980,2.8,2.9,2.8,2.8,2.8,2.8,2.8,2.9,2.8,2.7,2.7,2.7,2.7,2.6,2.7,2.8,2.9,2.8,2.8,2.6,2.8,3.0,3.0,3.0,3.1,3.4,3.6,3.6,3.5,3.3,3.2,3.0,3.1,3.2,3.4,3.6,3.7,3.8,3.9,4.0,4.2,4.7,5.1,4.7,4.8
34940,"Naples-Marco Island, FL",34940,7.5,7.3,7.3,8.0,7.8,7.4,7.1,6.7,6.4,6.4,6.4,6.6,6.6,6.6,6.5,6.5,6.3,6.3,6.4,6.4,6.6,6.8,7.2,7.4,8.1,9.8,10.6,8.8,5.6,3.5,4.1,4.2,4.7,5.4,6.1,6.6,6.5,6.5,6.2,5.7,6.4,8.1,9.6,8.8,8.7
35300,"New Haven, CT",35300,3.5,3.5,3.2,3.3,3.4,3.6,4.1,4.8,4.8,4.3,4.0,3.9,3.7,3.6,3.5,3.3,3.1,3.0,2.9,3.0,3.0,3.3,3.7,4.2,4.6,4.9,4.9,4.7,4.2,3.8,3.8,3.7,3.6,3.7,3.6,3.4,3.4,3.3,3.4,3.3,3.6,3.9,4.2,4.4,4.8
35660,"Niles, MI",35660,2.2,2.2,2.0,1.9,1.8,1.8,1.8,1.9,1.9,2.0,2.0,2.1,2.1,2.1,2.1,2.2,2.3,2.3,2.4,2.4,2.5,2.6,2.7,2.7,2.7,2.8,2.8,2.8,2.7,2.7,2.6,2.5,2.6,2.6,2.8,3.0,3.0,3.0,3.0,2.9,3.0,3.2,3.6,3.7,3.8
35980,"Norwich-New London-Willimantic, CT",35980,2.6,2.6,2.3,2.2,2.3,2.5,2.9,3.5,3.6,3.4,3.4,3.3,3.1,2.9,2.7,2.7,2.6,2.5,2.5,2.5,2.6,2.8,3.2,3.7,4.0,4.2,4.2,4.0,3.6,3.2,3.2,2.8,2.8,2.8,2.7,2.7,2.7,2.9,3.1,3.2,3.3,3.7,4.0,4.2,4.4
35380,"New Orleans-Metairie, LA",35380,3.9,3.8,3.6,3.6,3.7,3.5,3.6,3.4,3.2,3.0,2.8,2.8,2.8,2.9,2.8,2.7,2.9,2.9,3.1,3.2,3.3,3.4,3.6,3.8,3.9,4.2,4.0,3.6,3.5,3.5,3.5,3.4,3.5,3.7,3.6,3.5,3.9,4.0,4.1,4.2,4.4,4.6,4.8,4.4,4.4
35840,"North Port-Bradenton-Sarasota, FL",35840,2.6,2.7,2.8,2.6,2.8,2.6,2.6,2.5,2.4,2.5,2.5,2.6,2.7,2.8,2.8,3.0,3.0,3.0,3.0,3.0,3.2,3.5,4.0,4.6,5.5,6.8,6.2,5.5,4.3,3.4,3.3,3.3,3.6,4.0,4.1,4.5,4.8,4.9,4.8,4.8,5.0,5.8,6.8,6.5,6.2
35620,"New York-Newark-Jersey City, NY-NJ",35620,3.7,3.6,3.7,3.7,3.9,4.3,4.6,5.0,5.1,4.7,4.4,4.3,4.2,4.2,4.1,3.9,4.0,3.8,3.9,4.0,4.4,4.8,5.7,6.4,6.9,7.5,7.4,7.1,6.5,5.7,6.0,5.8,5.8,5.8,5.8,5.6,5.4,5.4,5.3,5.3,5.6,6.6,6.9,6.8,7.3
36100,"Ocala, FL",36100,3.1,2.9,2.7,2.8,2.7,2.5,2.5,2.4,2.3,2.3,2.4,2.4,2.4,2.3,2.3,2.3,2.3,2.2,2.3,2.2,2.2,2.3,2.5,2.6,3.1,3.8,4.3,4.0,3.4,2.6,2.3,2.1,2.3,2.5,2.5,2.8,3.1,3.4,3.5,3.6,3.6,4.4,5.0,4.9,4.8
36220,"Odessa, TX",36220,2.1,2.0,2.1,2.3,2.4,2.5,2.6,2.5,2.2,2.1,2.1,2.1,2.1,2.1,2.1,2.0,1.9,1.8,1.8,1.7,1.7,1.7,1.8,1.8,1.8,1.9,2.0,2.2,2.2,2.3,2.2,2.1,2.1,2.1,2.1,2.2,2.3,2.4,2.4,2.6,2.7,2.7,2.8,2.7,2.9
36260,"Ogden, UT",36260,3.1,3.1,2.9,2.8,2.6,2.6,2.5,2.4,2.3,2.2,2.1,2.1,2.1,2.3,2.5,2.6,2.7,2.8,2.9,2.8,2.8,2.8,2.8,2.8,2.8,2.9,3.1,3.4,3.4,3.2,3.0,2.8,2.8,2.9,3.0,3.0,3.3,3.4,3.6,3.8,4.2,4.9,5.3,4.9,4.8
36420,"Oklahoma City, OK",36420,3.0,2.8,3.0,3.1,2.9,2.8,2.7,2.4,2.1,2.0,1.9,1.9,2.0,2.0,2.1,2.2,2.2,2.2,2.3,2.3,2.3,2.4,2.5,2.6,2.7,2.8,2.9,2.9,2.8,3.0,3.1,3.0,3.0,3.0,2.9,2.8,2.8,2.7,2.7,2.7,2.9,3.1,3.4,3.5,3.6
36500,"Olympia-Lacey-Tumwater, WA",36500,3.4,3.4,2.9,3.0,2.8,2.6,2.4,2.3,2.3,2.4,2.6,2.7,2.9,3.1,3.2,3.3,3.3,3.3,3.3,3.2,3.3,3.4,3.6,3.7,4.1,4.8,5.3,5.4,5.0,4.5,4.1,4.0,3.7,3.9,4.0,3.9,4.0,4.2,4.5,4.7,5.0,5.6,6.2,6.0,6.1
36540,"Omaha, NE-IA",36540,2.5,2.4,2.4,2.4,2.3,2.3,2.2,2.2,2.1,2.0,2.0,2.1,2.1,2.2,2.2,2.3,2.3,2.3,2.4,2.4,2.5,2.5,2.6,2.6,2.7,2.7,2.7,2.6,2.5,2.5,2.5,2.5,2.5,2.6,2.6,2.6,2.7,2.7,2.8,2.9,3.1,3.3,3.5,3.5,3.6
36740,"Orlando-Kissimmee-Sanford, FL",36740,3.3,3.2,3.2,3.2,3.1,3.0,2.9,2.8,2.7,2.6,2.7,2.8,2.8,2.8,2.8,2.6,2.6,2.5,2.5,2.5,2.6,2.8,3.1,3.4,3.9,5.2,5.6,5.2,4.3,3.2,2.9,2.8,3.0,3.5,3.7,3.9,4.2,4.4,4.5,4.4,4.7,5.2,5.9,5.6,5.5
36780,"Oshkosh-Neenah, WI",36780,2.5,2.4,2.1,2.2,2.1,2.0,2.0,1.9,1.9,1.9,1.9,1.9,2.0,2.0,2.1,2.1,2.1,2.1,2.0,2.0,2.1,2.2,2.2,2.3,2.4,2.4,2.5,2.4,2.4,2.4,2.5,2.4,2.4,2.4,2.4,2.4,2.4,2.5,2.6,2.6,2.8,2.9,3.2,3.5,3.6
36980,"Owensboro, KY",36980,2.8,2.7,2.6,2.5,2.5,2.5,2.5,2.6,2.6,2.5,2.5,2.5,2.5,2.5,2.6,2.6,2.6,2.6,2.6,2.6,2.6,2.7,2.7,2.7,2.8,2.8,2.8,2.7,2.7,2.8,2.7,2.7,2.7,2.7,2.7,2.7,2.5,2.5,2.6,2.7,2.8,3.0,3.2,3.5,3.6
37100,"Oxnard-Thousand Oaks-Ventura, CA",37100,4.9,4.9,4.4,4.4,4.3,4.1,4.1,4.3,4.8,5.6,5.6,5.4,5.2,4.9,4.7,4.6,4.5,4.4,4.4,4.5,4.8,5.3,5.9,6.7,8.0,8.9,9.2,8.2,6.7,6.1,6.1,5.8,5.6,6.3,6.8,7.0,7.3,7.6,7.6,7.4,7.6,8.5,8.7,8.3,8.5
37140,"Paducah, KY-IL",37140,1.9,1.9,1.8,1.9,1.8,1.8,1.8,1.8,1.9,1.8,1.8,2.0,2.1,2.1,2.1,2.1,2.1,2.1,2.1,2.2,2.2,2.3,2.4,2.5,2.5,2.5,2.5,2.4,2.2,2.1,2.1,2.1,2.1,2.2,2.2,2.4,2.4,2.6,2.7,2.8,2.9,3.0,3.0,2.9,3.1
37340,"Palm Bay-Melbourne-Titusville, FL",37340,3.0,3.1,2.8,2.7,2.8,2.7,2.7,2.6,2.5,2.5,2.5,2.5,2.4,2.5,2.5,2.5,2.5,2.5,2.6,2.4,2.4,2.4,2.7,3.1,3.7,4.8,4.6,3.9,3.2,2.6,2.4,2.3,2.5,2.6,2.8,3.2,3.6,3.9,4.1,4.0,4.2,4.4,4.9,4.6,4.6
37620,"Parkersburg-Vienna, WV",37620,3.1,2.7,2.3,2.4,2.3,2.3,2.4,2.3,2.3,2.3,2.3,2.3,2.3,2.4,2.5,2.5,2.5,2.5,2.6,2.6,2.6,2.7,2.8,2.8,2.9,2.9,2.9,2.8,2.8,2.8,2.9,2.7,2.7,2.7,2.8,2.8,2.8,2.8,2.8,2.8,2.9,2.9,3.1,3.3,3.3
37860,"Pensacola-Ferry Pass-Brent, FL",37860,2.9,2.7,2.6,2.7,2.6,2.5,2.5,2.5,2.5,2.5,2.4,2.3,2.3,2.4,2.5,2.5,2.6,2.6,2.6,2.7,2.7,2.7,2.9,3.0,3.3,3.8,3.8,3.6,3.4,3.2,3.2,3.0,3.0,3.1,3.0,3.1,3.3,3.4,3.6,3.7,4.0,4.3,4.6,4.1,4.0
37900,"Peoria, IL",37900,2.0,2.0,2.0,2.0,1.7,1.6,1.6,1.5,1.5,1.6,1.7,1.8,1.9,1.9,2.0,2.0,2.0,2.0,2.0,2.0,2.0,2.0,2.0,2.1,2.1,2.3,2.3,2.4,2.4,2.3,2.3,2.3,2.5,2.0,2.1,2.1,2.1,2.1,2.1,2.0,2.1,2.0,2.1,2.1,2.3
37980,"Philadelphia-Camden-Wilmington, PA-NJ-DE-MD",37980,2.3,2.3,2.2,2.2,2.2,2.3,2.4,2.6,2.8,2.9,3.0,3.1,3.1,3.0,3.0,2.9,2.9,2.8,2.7,2.5,2.4,2.6,2.9,3.3,3.5,3.9,4.1,4.0,3.8,3.6,3.7,3.6,3.6,3.6,3.5,3.4,3.4,3.3,3.2,3.3,3.5,3.8,4.0,4.0,4.2
38060,"Phoenix-Mesa-Chandler, AZ",38060,3.0,3.0,2.8,2.9,2.8,2.8,2.8,2.8,2.7,2.6,2.8,2.8,2.8,2.7,2.7,2.7,2.8,2.8,2.8,2.8,2.9,3.0,3.1,3.2,3.5,4.9,5.2,4.7,3.5,2.6,2.7,2.3,2.9,3.5,3.7,3.9,4.0,4.0,4.2,4.2,4.6,5.4,5.8,5.4,5.4
38340,"Pittsfield, MA",38340,2.2,2.5,2.5,2.6,2.9,3.4,3.9,4.2,4.2,4.1,4.0,3.9,3.7,3.7,3.6,3.4,3.4,3.3,3.2,3.2,3.2,3.3,3.6,3.9,4.5,4.6,4.5,4.5,4.6,4.1,4.4,4.1,3.8,3.7,3.7,3.7,3.5,3.5,3.6,3.6,4.1,4.5,4.6,4.1,4.2
37460,"Panama City-Panama City Beach, FL",37460,3.4,3.1,2.9,3.0,2.8,2.7,2.7,2.7,2.7,2.6,2.5,2.4,2.5,2.5,2.5,2.6,2.6,2.6,2.6,2.6,2.6,2.8,3.0,3.3,3.8,4.7,4.9,4.6,4.2,3.9,3.6,3.3,3.4,3.8,3.7,3.8,3.8,4.1,4.2,4.0,4.3,4.9,5.5,5.2,5.1
38540,"Pocatello, ID",38540,2.6,2.7,2.5,2.5,2.4,2.4,2.4,2.3,2.2,2.1,2.1,2.2,2.3,2.4,2.6,2.6,2.6,2.6,2.7,2.6,2.6,2.7,2.7,2.8,2.9,3.1,3.3,3.3,3.2,3.3,3.3,3.2,3.2,3.2,3.4,3.5,3.6,3.6,3.8,3.9,4.1,5.0,5.4,5.1,5.1
38860,"Portland-South Portland, ME",38860,2.8,3.0,2.6,2.7,2.8,2.9,3.0,3.3,3.4,3.3,3.3,3.2,3.1,3.1,2.9,2.9,2.9,2.8,2.8,2.8,3.0,3.4,3.7,4.0,4.6,4.9,4.7,4.6,4.2,3.7,3.9,3.8,4.0,4.0,3.8,3.8,3.8,3.9,4.1,4.3,4.7,5.3,5.5,5.5,5.7
38900,"Portland-Vancouver-Hillsboro, OR-WA",38900,3.0,2.8,2.5,2.8,2.6,2.5,2.4,2.3,2.2,2.2,2.4,2.7,2.8,3.0,3.2,3.3,3.4,3.5,3.5,3.4,3.5,3.5,3.7,3.9,4.2,4.8,5.4,5.3,4.9,4.4,4.4,4.0,4.1,4.5,4.7,4.8,5.1,5.3,5.2,5.3,5.5,6.3,6.6,6.1,6.2
39300,"Providence-Warwick, RI-MA",39300,3.2,3.1,2.9,2.9,3.0,3.2,3.6,4.2,4.4,4.3,4.2,4.1,3.9,3.7,3.6,3.4,3.4,3.3,3.2,3.2,3.3,3.7,4.5,5.2,5.7,5.8,5.6,5.3,4.6,4.0,4.2,4.1,3.9,4.2,4.2,4.2,4.2,4.3,4.3,4.4,4.8,5.2,5.5,5.5,5.8
39340,"Provo-Orem-Lehi, UT",39340,4.2,4.3,4.3,4.3,4.0,3.9,3.8,3.5,3.1,2.8,2.7,2.6,2.7,2.9,3.2,3.4,3.5,3.5,3.6,3.4,3.4,3.6,3.7,3.7,3.8,4.0,4.2,4.5,4.2,3.8,3.6,3.4,3.3,3.5,3.6,3.7,3.8,4.0,4.2,4.3,4.6,5.4,6.0,5.1,5.1
38940,"Port St. Lucie, FL",38940,3.6,3.5,3.5,3.4,3.5,3.2,3.1,2.9,2.9,2.9,3.0,3.0,3.0,2.9,2.8,2.8,2.7,2.6,2.6,2.6,2.6,2.7,3.0,3.4,4.0,4.8,5.0,4.3,3.3,2.6,2.5,2.6,2.7,3.0,3.2,3.7,4.2,4.4,4.3,4.2,4.3,5.1,6.0,6.0,6.2
38240,"Pinehurst-Southern Pines, NC",38240,3.1,3.2,3.2,3.2,3.2,3.2,3.2,3.2,3.1,3.1,3.1,3.1,3.1,3.1,3.1,3.1,3.1,3.1,3.1,3.0,3.0,3.1,3.3,3.3,3.5,3.7,3.7,3.7,3.7,3.6,3.6,3.6,3.6,3.8,3.8,4.0,4.1,4.2,4.3,4.4,4.6,5.0,5.2,5.1,5.2
38300,"Pittsburgh, PA",38300,2.3,2.2,2.2,2.3,2.3,2.2,2.2,2.3,2.2,2.2,2.3,2.3,2.4,2.5,2.4,2.4,2.4,2.3,2.3,2.3,2.3,2.4,2.5,2.5,2.6,2.7,2.7,2.6,2.6,2.6,2.6,2.5,2.6,2.6,2.6,2.6,2.5,2.5,2.6,2.7,2.8,3.1,3.0,2.9,3.0
39380,"Pueblo, CO",39380,3.4,3.3,3.3,3.5,3.4,3.4,3.5,3.5,3.2,3.1,3.0,2.9,3.0,3.0,3.1,3.2,3.4,3.4,3.5,3.5,3.5,3.7,3.8,3.8,3.8,3.9,3.9,3.8,3.6,3.6,3.6,3.4,3.3,3.3,3.4,3.6,3.6,3.7,3.9,4.1,4.5,5.1,5.0,4.7,4.7
39460,"Punta Gorda, FL",39460,4.2,4.0,3.9,4.3,4.2,4.1,4.0,3.8,3.7,3.7,3.6,3.7,3.7,3.6,3.4,3.3,3.2,3.1,3.2,3.1,3.2,3.3,3.6,3.9,4.4,5.2,5.3,4.3,3.3,2.6,2.5,2.2,2.7,3.1,3.3,3.7,3.9,4.1,4.1,4.2,4.4,5.2,5.9,5.2,4.8
39150,"Prescott Valley-Prescott, AZ",39150,4.0,4.0,3.8,4.1,4.1,4.2,4.3,4.3,4.2,4.0,4.0,4.1,4.1,4.0,4.1,4.2,4.2,4.1,4.2,4.1,4.2,4.4,4.5,4.5,4.8,5.7,6.3,6.1,5.4,4.9,4.3,3.9,4.0,4.2,4.4,4.6,4.8,5.2,5.5,5.6,5.8,6.7,7.7,7.4,7.5
39540,"Racine-Mount Pleasant, WI",39540,2.5,2.4,2.2,2.3,2.3,2.2,2.2,2.1,2.1,2.0,2.0,2.1,2.1,2.1,2.2,2.2,2.2,2.2,2.2,2.2,2.2,2.3,2.4,2.5,2.7,2.9,3.0,3.0,2.9,2.8,2.7,2.5,2.4,2.4,2.3,2.4,2.6,2.8,2.9,3.0,3.3,3.2,3.5,3.5,3.9
39580,"Raleigh-Cary, NC",39580,3.7,3.6,3.5,3.3,3.3,3.3,3.3,3.2,3.1,3.0,2.8,2.3,2.3,2.3,2.4,2.5,2.7,2.7,2.7,2.6,2.5,2.5,2.7,2.7,2.8,3.1,3.3,3.4,3.2,3.0,3.2,3.3,3.1,3.2,3.3,3.6,3.5,3.6,3.7,3.7,3.9,4.5,5.0,4.8,4.8
39660,"Rapid City, SD",39660,3.2,2.9,2.9,2.8,2.8,2.7,2.7,2.7,2.5,2.3,2.2,2.2,2.2,2.3,2.3,2.4,2.5,2.5,2.5,2.4,2.4,2.5,2.6,2.7,2.9,3.0,3.0,3.1,3.1,3.1,3.1,3.0,3.0,3.1,3.0,3.2,3.2,3.2,3.2,3.2,3.2,3.5,3.8,3.7,3.7
40060,"Richmond, VA",40060,3.0,2.9,2.8,2.8,2.7,2.7,2.6,2.7,2.6,2.6,2.6,2.6,2.6,2.6,2.6,2.7,2.7,2.7,2.7,2.7,2.7,2.7,2.9,3.1,3.3,3.7,4.0,4.1,3.8,3.5,3.6,3.5,3.3,3.5,3.6,3.6,3.7,3.8,3.9,4.0,4.2,4.5,4.7,4.7,4.9
39740,"Reading, PA",39740,2.7,2.4,2.3,2.3,2.2,2.2,2.2,2.2,2.4,2.5,2.5,2.5,2.5,2.4,2.3,2.2,2.1,2.1,2.0,1.9,1.9,2.0,2.0,2.2,2.4,2.7,2.7,2.8,2.8,2.8,2.8,2.7,2.7,2.7,2.6,2.6,2.6,2.7,2.5,2.6,2.7,3.1,3.2,3.4,3.6
39820,"Redding, CA",39820,4.1,4.3,4.3,4.2,4.0,3.9,4.0,3.9,4.4,4.8,4.6,4.6,4.5,4.2,4.1,3.8,3.7,3.5,3.5,3.3,3.4,3.7,4.3,5.2,6.0,6.9,7.0,6.3,5.4,4.6,4.2,3.6,3.8,4.4,4.8,5.1,4.9,4.9,4.8,4.9,5.1,5.7,5.5,4.9,4.6
39900,"Reno, NV",39900,3.3,3.4,3.5,3.4,3.3,3.2,3.2,3.1,3.0,3.0,3.1,3.2,3.2,3.3,3.4,3.3,3.3,3.3,3.2,3.2,3.1,3.2,3.5,3.9,5.3,6.6,6.5,5.7,4.6,3.5,3.4,3.1,3.3,4.2,4.5,4.9,5.1,5.5,5.7,5.4,5.7,6.6,7.1,6.6,6.9
40140,"Riverside-San Bernardino-Ontario, CA",40140,4.7,4.7,4.3,4.0,3.8,3.6,3.5,3.4,3.5,3.7,3.9,4.0,4.1,4.0,3.8,3.5,3.2,3.1,3.0,3.0,3.2,3.5,3.9,4.8,6.2,7.4,7.5,6.8,4.4,3.1,3.4,3.3,3.6,4.6,5.0,5.2,5.3,5.4,5.4,5.4,5.8,6.6,6.8,6.4,6.5
40220,"Roanoke, VA",40220,2.7,2.6,2.4,2.7,2.7,2.7,2.6,2.7,2.6,2.6,2.7,2.7,2.7,2.8,2.8,2.8,2.8,2.7,2.8,2.7,2.8,3.0,3.1,3.2,3.4,3.5,3.7,3.8,3.8,3.8,3.6,3.4,3.3,3.2,3.2,3.2,3.2,3.2,3.2,3.4,3.7,4.0,4.2,4.2,4.5
40420,"Rockford, IL",40420,1.8,1.8,1.7,1.7,1.6,1.6,1.5,1.5,1.5,1.5,1.6,1.7,1.8,1.8,1.8,1.7,1.7,1.6,1.6,1.6,1.6,1.7,1.9,2.1,2.3,2.6,2.5,2.5,2.4,2.3,2.4,2.0,1.9,1.8,1.7,1.8,2.0,2.2,2.1,2.2,2.3,2.6,2.6,2.6,2.8
40340,"Rochester, MN",40340,2.4,2.3,2.0,2.1,2.1,2.1,2.1,2.1,2.0,2.0,2.0,2.0,2.0,2.0,2.0,2.0,1.9,1.9,1.9,2.0,2.1,2.2,2.2,2.3,2.3,2.4,2.4,2.3,2.2,2.2,2.1,2.0,2.0,2.0,2.0,2.0,2.4,2.3,2.8,3.2,3.3,3.6,3.8,3.7,3.9
40580,"Rocky Mount, NC",40580,3.3,3.3,3.2,3.0,3.0,3.0,3.0,3.0,2.9,2.8,2.7,2.7,2.7,2.7,2.7,2.7,2.6,2.7,2.8,2.8,2.8,3.0,3.1,3.2,3.2,3.3,3.2,3.1,3.2,3.2,2.9,2.8,2.7,2.7,2.7,2.7,2.8,2.7,2.7,2.8,2.8,3.1,3.4,3.4,3.4
40660,"Rome, GA",40660,2.7,2.8,2.7,2.7,2.6,2.5,2.5,2.4,2.4,2.3,2.2,2.2,2.2,2.2,2.2,2.3,2.4,2.5,2.6,2.6,2.7,2.8,3.0,3.0,3.1,3.2,3.1,3.0,3.0,3.1,3.0,2.8,2.8,2.8,2.8,2.7,2.7,2.8,2.9,3.0,2.9,3.2,3.5,3.7,3.9
40380,"Rochester, NY",40380,2.1,2.1,2.1,2.3,2.3,2.4,2.5,2.5,2.5,2.4,2.4,2.4,2.5,2.4,2.4,2.3,2.3,2.2,2.2,2.1,2.0,2.1,2.2,2.2,2.3,2.4,2.3,2.3,2.2,2.2,2.4,2.4,2.4,2.5,2.4,2.5,2.4,2.4,2.4,2.5,2.7,2.9,3.0,3.1,3.3
42220,"Santa Rosa-Petaluma, CA",42220,4.6,4.7,4.5,4.3,3.9,3.8,3.9,4.0,4.5,4.8,4.8,4.9,5.2,5.1,5.0,4.9,4.5,4.3,4.5,4.7,5.7,6.3,6.8,7.6,8.8,10.3,9.8,8.9,6.3,5.5,5.8,5.4,5.7,6.8,7.4,7.6,7.8,8.0,8.0,7.7,7.8,8.3,8.6,8.2,8.2
41540,"Salisbury, MD",41540,3.2,3.1,2.8,2.7,2.6,2.6,2.7,2.7,2.8,2.9,2.9,2.9,3.0,2.9,2.9,2.9,2.9,2.8,2.8,2.8,2.9,3.1,3.4,3.7,4.1,4.7,4.9,4.8,4.5,4.2,4.0,3.6,3.6,3.4,3.4,3.4,3.5,3.4,3.1,3.1,3.1,3.3,3.7,3.8,3.8
40900,"Sacramento-Roseville-Folsom, CA",40900,3.4,3.6,3.4,3.3,3.1,3.0,3.0,3.0,3.1,3.4,4.0,4.0,3.9,3.7,3.5,3.3,3.0,2.9,3.0,2.9,3.0,3.5,4.2,4.9,6.1,6.9,6.6,5.7,3.7,3.1,3.3,3.0,3.1,4.1,4.5,4.6,4.8,5.0,5.0,5.0,5.2,5.9,6.0,5.6,5.6
41780,"Sandusky, OH",41780,2.5,2.5,2.3,2.4,2.2,2.1,2.1,2.1,2.2,2.3,2.3,2.4,2.5,2.5,2.5,2.5,2.6,2.7,2.7,2.6,2.6,2.8,2.8,2.8,2.8,2.8,2.6,2.5,2.3,2.2,2.4,2.2,2.3,2.4,2.4,2.5,2.6,2.6,2.6,2.6,2.8,3.0,3.2,3.3,3.4
41420,"Salem, OR",41420,2.9,2.7,2.8,2.8,2.6,2.4,2.3,2.2,2.1,2.1,2.2,2.2,2.3,2.4,2.6,2.7,2.7,2.8,2.8,2.8,2.8,3.1,3.3,3.7,3.7,4.1,4.8,5.0,4.6,4.0,3.8,3.2,3.2,3.6,3.8,4.0,4.3,4.7,4.9,5.0,5.4,6.1,6.4,6.1,5.7
41860,"San Francisco-Oakland-Fremont, CA",41860,6.3,6.3,5.3,5.4,5.2,5.1,5.1,5.4,5.9,6.4,6.3,6.1,6.0,5.8,5.8,5.6,5.6,5.7,5.8,5.9,7.2,7.6,8.5,9.2,10.3,10.7,10.4,10.1,7.1,5.6,6.4,6.1,6.6,8.2,8.8,9.1,9.0,9.2,9.5,9.1,9.8,11.2,11.1,10.0,10.5
40980,"Saginaw, MI",40980,2.0,2.0,1.9,1.8,1.7,1.6,1.6,1.7,1.7,1.8,1.8,1.9,2.0,1.9,1.9,2.0,2.1,2.1,2.2,2.2,2.2,2.3,2.5,2.6,2.6,2.6,2.5,2.4,2.3,2.2,2.1,2.0,2.0,2.1,2.1,2.2,2.2,2.1,2.1,2.1,2.2,2.4,2.6,2.6,2.7
41940,"San Jose-Sunnyvale-Santa Clara, CA",41940,4.7,4.7,4.1,4.0,3.9,4.0,4.1,4.2,4.7,5.8,6.2,6.3,6.3,6.3,6.0,5.8,5.6,5.8,5.9,5.6,6.5,7.0,7.3,7.7,8.4,9.5,9.6,9.9,7.9,6.1,7.1,6.6,7.2,8.3,8.9,9.2,9.2,10.0,10.7,9.6,10.2,11.5,11.9,11.5,12.0
41500,"Salinas, CA",41500,4.5,4.7,4.2,4.4,4.4,4.4,4.5,4.6,4.9,5.4,5.7,5.7,5.7,5.6,5.5,5.3,5.1,5.0,5.1,5.3,5.9,6.4,7.0,7.7,9.0,10.7,10.9,9.6,6.8,6.1,6.3,6.0,5.9,6.5,7.4,7.7,8.1,9.0,8.9,8.5,9.4,10.3,10.3,10.6,10.7
41740,"San Diego-Chula Vista-Carlsbad, CA",41740,5.8,5.6,4.9,4.8,4.6,4.4,4.3,4.4,4.7,5.2,5.2,5.2,5.2,5.0,4.9,4.7,4.6,4.6,4.8,4.9,5.4,5.9,7.1,8.1,10.0,10.3,9.7,9.1,6.4,5.7,6.2,6.0,6.2,7.2,7.6,7.8,7.7,7.9,7.9,7.7,8.1,9.0,9.3,9.0,9.4
41660,"San Angelo, TX",41660,2.7,2.6,2.6,2.7,2.7,2.7,2.7,2.5,2.3,2.3,2.3,2.3,2.3,2.3,2.3,2.3,2.3,2.2,2.2,2.2,2.1,2.2,2.3,2.4,2.4,2.5,2.7,2.7,2.7,2.8,2.8,2.7,2.7,2.8,2.9,3.0,2.9,2.9,3.0,3.0,3.0,3.4,4.0,4.3,4.4
42200,"Santa Maria-Santa Barbara, CA",42200,7.1,7.0,6.8,6.4,5.9,5.7,6.0,6.2,7.1,7.8,6.4,6.2,6.3,6.0,6.2,5.9,5.7,6.2,5.8,6.3,6.7,7.1,8.3,9.4,11.7,12.7,12.7,13.0,7.4,6.3,7.5,6.5,7.6,9.8,10.7,10.9,10.3,9.8,9.0,8.7,10.1,11.9,11.8,11.7,12.7
41100,"St. George, UT",41100,4.8,5.0,4.9,4.7,4.3,4.0,3.9,3.7,3.5,3.2,3.2,3.3,3.3,3.4,3.5,3.7,3.8,3.8,3.9,3.7,3.7,3.8,3.7,3.7,3.8,4.7,5.4,5.2,4.6,4.0,3.7,3.5,3.5,3.7,3.8,3.9,4.4,4.9,5.0,4.9,5.6,6.6,8.0,6.9,7.0
42340,"Savannah, GA",42340,3.2,3.2,3.2,3.1,3.0,3.0,3.0,3.0,2.9,2.8,2.7,2.7,2.7,2.7,2.8,2.7,2.7,2.7,2.7,2.7,2.8,2.9,3.2,3.3,3.5,3.9,4.1,4.3,4.2,4.1,3.8,3.5,3.3,3.3,3.3,3.3,3.4,3.4,3.5,3.6,3.7,3.9,4.5,4.9,5.0
42100,"Santa Cruz-Watsonville, CA",42100,6.8,6.8,6.5,6.2,5.7,5.5,5.7,5.6,6.2,6.6,6.4,6.0,5.8,5.7,5.5,5.4,5.3,5.6,6.1,6.5,7.8,8.5,9.1,9.6,10.8,12.3,11.5,11.1,8.6,7.3,8.2,7.2,7.6,8.8,10.0,10.3,10.6,10.4,10.6,10.1,10.9,12.5,13.3,11.6,12.2
41620,"Salt Lake City-Murray, UT",41620,3.1,3.1,3.0,3.0,2.9,2.8,2.8,2.6,2.4,2.3,2.2,2.2,2.2,2.4,2.6,2.8,2.9,2.9,2.9,2.9,2.8,2.9,3.0,3.0,3.1,3.3,3.8,4.0,3.9,3.7,3.6,3.2,3.4,3.8,3.8,3.9,4.0,4.2,4.4,4.6,4.9,5.7,6.3,5.7,5.9
41700,"San Antonio-New Braunfels, TX",41700,3.4,3.3,3.3,3.3,3.4,3.1,3.2,3.0,2.6,2.5,2.4,2.3,2.4,2.6,2.5,2.5,2.5,2.5,2.4,2.3,2.4,2.5,2.7,2.9,2.9,3.1,3.2,3.3,3.2,3.1,3.1,3.0,3.1,3.3,3.4,3.6,3.7,3.8,3.9,3.9,4.0,4.4,4.8,4.5,4.2
42660,"Seattle-Tacoma-Bellevue, WA",42660,2.7,2.6,2.4,2.6,2.6,2.6,2.5,2.5,2.5,2.8,3.4,3.3,3.4,3.4,3.5,3.5,3.4,3.4,3.5,3.7,3.8,4.2,4.4,4.5,5.1,5.6,6.0,6.1,5.5,4.9,4.8,4.4,4.5,5.0,4.9,5.0,5.2,5.6,5.7,5.7,6.1,6.9,7.1,6.6,6.9
42700,"Sebring, FL",42700,4.1,3.9,3.7,3.9,3.6,3.4,3.4,3.3,3.3,3.2,3.1,3.0,3.0,2.9,2.8,2.8,2.8,2.7,2.7,2.7,2.7,2.9,3.1,3.3,3.9,4.8,5.5,5.4,4.4,3.7,3.2,2.8,2.7,2.6,2.7,2.8,3.0,3.1,3.2,3.1,3.1,3.6,4.4,4.8,4.7
42140,"Santa Fe, NM",42140,5.1,5.3,5.3,5.2,5.0,4.9,5.0,5.0,4.8,4.6,4.5,4.6,4.7,5.0,5.3,5.5,5.4,5.4,5.4,5.4,5.6,5.8,6.1,6.5,6.9,7.3,7.7,7.5,7.3,7.2,7.0,6.7,6.4,6.3,6.2,6.2,6.3,6.4,6.7,6.6,7.2,8.0,8.3,8.1,8.1
44140,"Springfield, MA",44140,2.6,2.6,2.8,2.8,2.9,3.1,3.5,4.0,4.3,4.2,4.0,3.9,3.8,3.6,3.4,3.3,3.1,3.0,2.9,2.9,2.9,3.1,3.3,3.6,3.9,4.2,4.2,4.1,3.8,3.5,3.8,3.5,3.4,3.5,3.6,3.6,3.5,3.6,3.7,3.6,3.8,4.3,4.6,4.7,4.9
43100,"Sheboygan, WI",43100,2.6,2.4,2.2,2.3,2.2,2.1,2.1,2.0,1.9,1.9,2.0,2.0,2.0,2.0,2.1,2.2,2.3,2.3,2.3,2.3,2.3,2.4,2.4,2.4,2.6,2.8,2.9,2.9,2.8,2.8,2.7,2.6,2.6,2.5,2.4,2.4,2.4,2.5,2.5,2.5,2.6,2.9,3.2,3.3,3.3
43300,"Sherman-Denison, TX",43300,2.7,2.7,2.8,2.8,2.7,2.5,2.5,2.2,2.1,2.0,1.9,1.9,2.0,2.0,1.9,1.9,1.9,1.9,1.9,1.9,1.9,2.0,2.1,2.1,2.1,2.1,2.1,2.0,2.1,2.1,2.1,2.1,2.2,2.2,2.4,2.6,2.8,3.1,3.3,3.4,3.4,4.1,4.2,4.1,4.1
43420,"Sierra Vista-Douglas, AZ",43420,2.9,2.9,2.7,2.9,2.9,3.0,3.1,3.1,3.0,2.9,2.8,2.6,2.6,2.6,2.7,2.7,2.8,2.8,2.9,2.9,2.9,3.1,3.3,3.4,3.8,4.4,4.8,4.7,4.4,4.2,4.1,4.0,3.9,3.7,3.6,3.7,3.7,3.6,3.6,3.6,3.6,4.0,4.7,5.2,5.5
42020,"San Luis Obispo-Paso Robles, CA",42020,5.7,6.0,5.6,5.2,5.0,5.1,5.2,5.2,5.3,6.4,7.1,6.8,6.5,6.3,6.0,5.8,5.6,5.4,5.5,5.8,6.2,6.8,7.8,8.5,9.8,11.2,11.1,9.9,8.6,7.8,7.6,7.1,7.0,7.4,8.0,8.1,8.3,8.3,8.5,8.3,8.4,9.2,10.2,9.8,9.9
43640,"Slidell-Mandeville-Covington, LA",43640,3.6,3.5,3.3,3.2,3.2,3.0,3.1,2.9,2.6,2.5,2.3,2.4,2.4,2.5,2.4,2.4,2.6,2.7,2.9,3.0,3.0,3.0,3.1,3.2,3.3,3.6,3.8,3.4,3.3,3.2,3.2,2.9,2.9,2.9,2.8,2.8,3.1,3.2,3.2,3.3,3.5,3.9,4.1,3.7,3.8
43780,"South Bend-Mishawaka, IN-MI",43780,2.1,2.1,2.0,1.9,1.9,1.8,1.8,1.8,1.8,1.9,2.0,2.0,2.1,2.0,1.9,2.0,2.1,2.1,2.1,2.1,2.0,2.3,2.2,2.2,2.2,2.3,2.2,2.1,1.9,1.9,1.9,1.9,2.0,2.1,2.2,2.4,2.3,2.4,2.4,2.5,2.6,2.9,3.1,3.0,3.0
43900,"Spartanburg, SC",43900,2.4,2.5,2.5,2.4,2.3,2.3,2.3,2.2,2.2,2.1,2.2,2.3,2.4,2.3,2.3,2.3,2.5,2.6,2.6,2.6,2.6,2.9,2.9,2.9,2.9,3.1,3.2,3.1,3.1,2.9,2.9,2.9,3.0,3.1,3.0,3.1,3.1,3.2,3.3,3.5,3.8,4.3,4.7,4.7,4.7
44220,"Springfield, OH",44220,2.5,2.5,2.5,2.3,2.2,2.0,2.0,2.0,2.0,2.0,2.1,2.1,2.2,2.2,2.2,2.3,2.3,2.3,2.3,2.3,2.2,2.3,2.4,2.4,2.5,2.5,2.4,2.4,2.3,2.3,2.3,2.3,2.2,2.2,2.1,2.2,2.1,2.2,2.3,2.3,2.3,2.5,2.8,3.0,3.3
44060,"Spokane-Spokane Valley, WA",44060,2.8,2.6,2.4,2.3,2.5,2.4,2.3,2.2,2.1,2.0,2.1,2.3,2.7,2.9,3.1,3.1,3.1,3.0,2.9,2.9,2.8,2.8,2.8,3.0,3.2,3.8,4.2,4.3,4.1,3.8,3.6,3.4,3.5,3.6,3.6,3.8,4.0,4.0,4.1,4.4,4.9,5.9,6.1,5.6,5.7
44180,"Springfield, MO",44180,4.7,4.3,4.0,3.9,3.8,3.7,3.7,3.6,3.5,3.3,3.0,2.6,2.4,2.5,2.6,2.7,2.6,2.6,2.6,2.5,2.6,2.6,2.6,2.7,3.1,3.2,3.2,2.9,2.9,2.8,2.8,2.6,2.6,2.8,2.8,2.8,2.8,2.9,3.0,3.2,3.3,3.6,3.9,3.8,3.8
44100,"Springfield, IL",44100,2.6,2.7,2.3,2.3,2.3,2.2,2.1,2.1,2.1,2.1,2.1,2.1,2.1,2.2,2.2,2.3,2.3,2.2,2.2,2.1,2.0,2.1,2.1,2.2,2.2,2.3,2.2,2.2,2.1,2.2,2.4,2.3,2.2,2.1,2.1,2.2,2.3,2.2,2.1,2.3,2.3,2.2,2.2,2.2,2.3
43340,"Shreveport-Bossier City, LA",43340,3.5,3.4,3.4,3.3,3.2,3.1,3.1,3.0,2.8,2.8,2.7,2.6,2.6,2.6,2.6,2.5,2.7,2.6,2.7,2.6,2.5,2.6,2.7,2.9,3.1,3.4,3.6,3.5,3.5,3.6,3.8,3.7,3.6,3.8,3.7,3.8,4.0,4.0,3.9,3.9,3.9,4.1,4.1,4.0,4.0
41060,"St. Cloud, MN",41060,2.9,2.7,2.4,2.6,2.6,2.6,2.5,2.5,2.4,2.4,2.3,2.4,2.4,2.3,2.4,2.3,2.3,2.3,2.2,2.3,2.4,2.6,2.9,3.1,3.4,3.7,3.8,3.7,3.3,3.2,3.1,2.9,2.7,2.7,2.7,2.8,2.8,2.8,2.8,2.8,2.9,3.2,3.4,3.5,3.6
44300,"State College, PA",44300,2.9,2.9,2.7,2.6,2.6,2.5,2.6,2.8,2.8,2.8,2.7,2.8,2.9,3.0,3.1,3.1,3.1,3.1,3.0,3.0,3.1,3.3,3.4,3.5,3.7,3.9,3.9,3.8,3.7,3.8,3.7,3.7,3.6,3.5,3.5,3.4,3.5,3.6,3.8,4.1,4.1,4.4,4.7,4.9,5.0
41140,"St. Joseph, MO-KS",41140,2.1,2.0,1.9,1.9,1.9,2.0,2.0,2.0,2.0,1.9,1.8,1.8,1.9,1.9,2.0,1.9,2.1,2.0,2.0,2.0,2.1,2.2,2.3,2.4,2.4,2.5,2.5,2.4,2.4,2.4,2.3,2.2,2.2,2.2,2.2,2.3,2.3,2.3,2.4,2.4,2.5,2.6,2.8,2.9,3.1
41180,"St. Louis, MO-IL",41180,3.1,2.9,2.7,2.7,2.7,2.7,2.7,2.8,2.7,2.7,2.6,2.6,2.7,2.6,2.5,2.5,2.5,2.5,2.5,2.5,2.5,2.6,2.6,2.7,2.8,3.0,3.0,2.9,2.6,2.5,2.6,2.4,2.4,2.6,2.6,2.7,2.7,2.7,2.8,2.8,3.0,3.2,3.3,3.2,3.3
44700,"Stockton-Lodi, CA",44700,3.0,3.1,3.0,2.9,2.8,2.7,2.8,2.8,3.2,3.5,3.5,3.6,3.5,3.4,3.2,3.0,2.8,2.6,3.2,3.3,3.7,4.4,5.0,5.5,6.3,7.6,7.5,6.4,4.0,2.9,3.2,3.1,3.2,4.1,4.8,5.1,5.3,5.5,5.7,5.6,5.7,6.2,6.4,6.1,6.1
44420,"Staunton-Stuarts Draft, VA",44420,3.2,3.1,2.8,2.9,2.8,2.7,2.6,2.7,2.8,2.8,2.8,2.8,2.9,2.9,2.9,2.9,2.8,2.8,2.8,2.8,2.8,3.0,3.1,3.3,3.5,4.0,4.5,4.6,4.6,4.6,4.5,4.3,4.2,4.1,4.2,4.2,4.2,4.2,4.2,4.2,4.3,4.6,5.0,5.1,5.2
44940,"Sumter, SC",44940,3.5,3.6,3.5,3.3,3.2,3.1,3.1,3.1,3.0,2.9,2.9,2.8,2.9,2.8,2.7,2.7,2.7,2.6,2.7,2.6,2.7,2.7,2.8,2.9,3.0,3.1,3.1,3.2,3.1,3.2,3.0,2.9,2.8,2.9,2.8,2.9,2.8,2.8,2.8,3.1,3.2,3.5,3.9,4.1,4.3
42540,"Scranton--Wilkes-Barre, PA",42540,2.3,2.3,2.1,2.2,2.1,2.1,2.2,2.4,2.5,2.5,2.5,2.5,2.6,2.7,2.6,2.6,2.6,2.6,2.6,2.5,2.5,2.6,2.8,2.8,2.9,3.0,3.2,3.3,3.3,3.2,3.1,3.0,3.0,2.9,2.8,2.8,2.7,2.6,2.5,2.5,2.6,2.8,3.2,3.5,3.9
43620,"Sioux Falls, SD-MN",43620,2.7,2.5,2.5,2.5,2.5,2.4,2.4,2.3,2.1,2.1,2.0,2.2,2.2,2.3,2.4,2.4,2.4,2.3,2.3,2.3,2.4,2.5,2.5,2.6,2.7,2.8,2.8,2.7,2.6,2.6,2.6,2.6,2.7,2.7,2.8,2.8,2.9,3.0,3.2,3.3,3.3,3.6,4.0,4.1,4.3
43580,"Sioux City, IA-NE-SD",43580,2.3,2.2,2.0,2.1,2.0,2.0,1.9,1.8,1.7,1.7,1.7,1.7,1.8,1.8,1.9,1.9,2.0,2.0,2.0,2.0,2.0,2.1,2.1,2.1,2.1,2.1,2.0,2.0,1.9,2.0,2.0,1.9,1.9,2.0,2.0,1.9,2.0,2.0,2.0,2.0,2.1,2.2,2.4,2.5,2.6
45060,"Syracuse, NY",45060,2.4,2.4,2.2,2.1,2.2,2.3,2.5,2.6,2.6,2.5,2.5,2.4,2.4,2.5,2.4,2.3,2.2,2.1,2.1,2.0,2.0,2.1,2.1,2.2,2.3,2.4,2.5,2.5,2.4,2.4,2.5,2.4,2.4,2.4,2.3,2.3,2.3,2.2,2.3,2.4,2.5,2.7,2.8,2.9,3.0
45220,"Tallahassee, FL",45220,3.7,3.9,4.0,3.9,3.6,3.4,3.2,3.1,3.0,2.9,2.9,3.1,3.1,3.2,3.3,3.3,3.5,3.4,3.3,3.2,3.3,3.5,3.7,3.6,3.9,4.0,4.1,4.0,4.3,4.2,4.1,3.7,3.7,3.8,3.8,3.8,3.9,4.0,4.2,4.2,4.4,4.7,5.1,5.0,4.9
45300,"Tampa-St. Petersburg-Clearwater, FL",45300,3.2,3.2,3.4,3.2,3.1,3.0,3.0,2.9,2.8,2.7,2.7,2.6,2.6,2.6,2.6,2.5,2.5,2.5,2.5,2.5,2.9,3.2,3.4,3.6,3.9,4.7,5.1,4.6,3.8,3.0,3.0,2.7,2.9,3.3,3.3,3.5,3.9,4.2,4.3,4.2,4.5,5.1,5.8,5.6,5.5
45460,"Terre Haute, IN",45460,2.0,2.0,1.8,1.8,1.7,1.7,1.7,1.8,1.7,1.7,1.6,1.6,1.7,1.7,1.8,1.8,1.9,1.9,2.0,2.0,2.1,2.2,2.2,2.2,2.3,2.2,2.2,2.1,2.1,2.0,1.9,1.9,1.9,2.0,2.0,2.0,2.0,1.9,1.9,2.0,2.1,2.3,2.6,2.8,2.9
45500,"Texarkana, TX-AR",45500,2.7,2.7,2.7,2.9,2.8,2.7,2.7,2.6,2.4,2.3,2.3,2.2,2.3,2.3,2.2,2.2,2.2,2.2,2.2,2.2,2.3,2.3,2.4,2.4,2.6,2.5,2.5,2.4,2.4,2.5,2.4,2.4,2.4,2.5,2.6,2.7,2.7,2.6,2.5,2.6,2.7,3.0,3.5,3.6,3.6
45780,"Toledo, OH",45780,2.5,2.5,2.4,2.2,2.1,1.9,2.0,2.0,2.0,2.1,2.1,2.3,2.4,2.3,2.2,2.2,2.4,2.4,2.5,2.5,2.6,2.7,2.7,2.7,2.7,2.7,2.5,2.4,2.1,1.9,1.9,1.8,1.9,1.9,2.0,2.2,2.4,2.4,2.4,2.4,2.6,2.8,2.8,2.7,2.8
45820,"Topeka, KS",45820,2.6,2.6,2.3,2.3,2.2,2.1,2.1,2.0,2.0,1.9,1.9,1.9,2.0,2.0,1.9,1.9,2.0,2.0,2.0,2.0,1.9,2.1,2.1,2.3,2.3,2.3,2.4,2.4,2.2,2.3,2.3,2.2,2.2,2.1,2.1,2.2,2.2,2.3,2.3,2.3,2.5,2.9,2.9,2.9,3.1
45940,"Trenton-Princeton, NJ",45940,3.1,3.0,2.8,2.8,2.9,3.0,3.4,3.9,4.0,3.7,3.4,3.3,3.1,2.9,2.8,2.7,2.7,2.7,2.6,2.5,2.6,2.8,3.0,3.5,3.7,3.9,4.2,4.3,4.0,3.5,3.5,3.3,3.5,3.5,3.6,3.4,3.3,3.2,3.1,3.2,3.5,3.9,3.9,4.2,4.6
45900,"Traverse City, MI",45900,3.2,3.1,2.8,2.6,2.4,2.3,2.3,2.5,2.5,2.6,2.7,2.7,2.7,2.7,2.7,2.9,3.0,3.1,3.2,3.3,3.4,3.6,3.9,4.0,4.1,4.1,4.1,3.9,3.4,3.1,3.1,3.2,3.4,3.7,3.8,3.7,3.8,3.9,3.9,4.0,4.3,4.6,4.6,4.5,4.5
46220,"Tuscaloosa, AL",46220,3.7,3.5,3.3,3.3,3.4,3.3,3.3,3.3,3.3,3.1,3.0,3.1,3.1,3.2,3.3,3.4,3.5,3.5,3.4,3.4,3.5,3.7,3.7,3.8,3.8,4.0,4.0,3.8,3.7,3.7,3.6,3.5,3.5,3.4,3.4,3.5,3.5,3.5,3.5,3.5,3.6,3.9,4.4,4.6,4.7
46060,"Tucson, AZ",46060,3.3,3.2,2.8,3.0,2.8,2.9,2.9,2.9,2.9,2.9,2.9,2.9,3.0,3.1,3.2,3.2,3.3,3.2,3.2,3.2,3.2,3.3,3.8,4.0,4.3,5.4,5.5,5.3,4.5,3.8,3.4,3.0,3.3,3.7,3.8,3.9,3.9,4.1,4.1,4.3,4.6,5.4,5.7,5.4,5.4
46140,"Tulsa, OK",46140,3.1,2.9,3.1,3.1,2.9,2.8,2.8,2.7,2.4,2.4,2.3,2.2,2.3,2.3,2.3,2.4,2.5,2.4,2.4,2.5,2.6,2.7,2.7,2.8,2.8,2.9,3.0,2.9,2.8,2.8,2.9,2.8,2.8,2.9,2.9,2.9,2.9,3.0,3.0,3.0,3.3,3.7,3.8,3.9,4.0
46300,"Twin Falls, ID",46300,3.0,3.0,2.8,2.8,2.7,2.7,2.6,2.5,2.3,2.2,2.2,2.2,2.4,2.5,2.6,2.7,2.7,2.8,2.8,2.8,2.9,3.0,3.1,3.1,3.1,3.4,3.8,4.0,3.9,3.8,3.6,3.2,3.2,3.3,3.4,3.4,3.5,3.6,3.8,3.9,4.3,5.4,6.2,5.8,5.9
46340,"Tyler, TX",46340,3.0,2.9,3.0,3.0,2.9,2.9,3.0,2.8,2.6,2.6,2.7,2.6,2.6,2.7,2.7,2.7,2.7,2.6,2.5,2.5,2.5,2.6,2.7,2.8,2.9,3.0,3.0,2.9,2.9,2.9,2.9,2.8,2.7,2.7,2.9,3.0,3.0,3.1,3.2,3.3,3.2,3.4,3.9,3.9,4.0
46540,"Utica-Rome, NY",46540,2.0,1.9,1.9,1.9,2.1,2.2,2.5,2.7,2.7,2.6,2.6,2.6,2.6,2.6,2.4,2.3,2.2,2.1,2.1,2.1,2.0,2.2,2.2,2.3,2.4,2.5,2.5,2.5,2.5,2.4,2.4,2.3,2.4,2.3,2.3,2.2,2.2,2.1,2.1,2.1,2.2,2.4,2.8,3.0,3.2
46660,"Valdosta, GA",46660,3.4,3.5,3.4,3.3,3.3,3.2,3.2,3.2,3.1,3.0,2.9,2.8,2.8,2.8,2.8,2.8,2.8,2.8,2.9,3.0,3.0,3.1,3.2,3.3,3.3,3.4,3.5,3.5,3.4,3.5,3.6,3.5,3.4,3.4,3.5,3.6,3.6,3.6,3.6,3.5,3.5,3.7,4.2,3.9,4.0
46700,"Vallejo, CA",46700,3.7,3.7,3.4,3.2,2.9,2.8,3.0,3.1,3.5,3.9,3.8,3.8,3.6,3.4,3.4,3.3,3.0,2.9,3.0,2.9,3.4,4.0,4.5,5.1,6.0,7.2,7.1,6.1,4.1,3.0,3.2,2.9,3.1,4.1,4.7,4.9,5.2,5.2,5.4,5.3,5.7,6.4,6.4,5.9,5.6
42680,"Sebastian-Vero Beach-West Vero Corridor, FL",42680,4.3,4.1,4.0,4.3,4.1,3.8,3.7,3.5,3.3,3.2,3.2,3.3,3.5,3.4,3.3,3.2,3.1,3.0,3.0,3.0,3.0,3.1,3.4,3.6,4.1,5.1,5.2,4.6,3.7,2.9,2.9,2.8,3.1,3.4,3.4,3.7,3.9,4.2,4.2,3.9,4.1,4.8,5.6,5.3,5.6
47260,"Virginia Beach-Chesapeake-Norfolk, VA-NC",47260,2.8,2.7,2.5,2.6,2.7,2.7,2.7,2.7,2.7,2.7,2.6,2.8,2.8,2.9,3.0,2.9,2.9,2.7,2.7,2.6,2.6,2.6,2.8,2.9,3.3,3.8,4.3,4.3,3.9,3.6,3.6,3.2,3.3,3.4,3.3,3.5,3.5,3.5,3.5,3.6,3.8,4.0,4.2,4.2,4.3
47020,"Victoria, TX",47020,2.5,2.3,2.4,2.6,2.6,2.7,2.8,2.7,2.5,2.4,2.3,2.2,2.2,2.2,2.2,2.1,2.1,2.0,2.0,2.0,2.1,2.2,2.3,2.3,2.3,2.3,2.3,2.3,2.3,2.3,2.3,2.3,2.4,2.4,2.4,2.4,2.4,2.5,2.5,2.6,2.6,2.7,2.8,2.9,2.9
47220,"Vineland, NJ",47220,2.0,2.0,1.9,1.9,2.0,2.2,2.4,2.6,2.6,2.5,2.4,2.4,2.4,2.4,2.4,2.3,2.3,2.3,2.3,2.3,2.3,2.4,2.7,2.8,3.1,3.5,3.8,3.9,3.7,3.4,3.3,3.2,3.3,3.3,3.2,3.3,3.2,3.3,3.2,3.2,3.2,3.6,4.1,4.2,4.5
47300,"Visalia, CA",47300,2.8,2.9,2.8,2.8,2.7,2.7,2.8,2.8,3.2,3.5,3.4,3.6,3.7,3.6,3.5,3.4,3.1,2.8,2.6,2.5,2.5,2.5,3.2,3.6,4.4,5.8,5.9,5.2,4.1,3.0,3.1,2.8,3.1,3.6,4.1,4.2,4.5,4.6,4.5,4.3,4.5,5.2,5.5,5.0,4.8
47900,"Washington-Arlington-Alexandria, DC-VA-MD-WV",47900,3.2,3.2,3.0,2.9,2.8,2.7,2.7,2.8,3.0,3.0,3.1,3.2,3.2,3.2,3.1,3.0,3.0,2.9,2.8,2.7,2.7,3.0,3.5,4.0,4.6,5.5,5.3,5.1,4.0,3.6,3.8,3.7,4.0,4.3,4.2,4.2,4.2,4.2,4.2,4.2,4.4,4.9,5.0,5.0,5.1
48060,"Watertown-Fort Drum, NY",48060,2.0,2.0,2.0,2.0,2.2,2.3,2.4,2.5,2.4,2.3,2.2,2.1,2.1,2.1,2.0,2.0,1.9,1.8,1.8,1.9,1.9,2.0,2.0,2.0,2.0,2.3,2.4,2.5,2.4,2.4,2.4,2.4,2.5,2.5,2.5,2.7,2.9,3.0,3.0,2.9,2.8,2.9,3.2,3.2,3.3
47940,"Waterloo-Cedar Falls, IA",47940,1.8,1.8,1.8,2.0,1.8,1.7,1.6,1.5,1.4,1.4,1.5,1.6,1.6,1.7,1.7,1.7,1.8,1.9,1.9,2.0,2.1,2.2,2.2,2.2,2.3,2.4,2.6,2.5,2.4,2.4,2.5,2.4,2.4,2.5,2.5,2.4,2.3,2.3,2.2,2.2,2.3,2.5,2.6,2.7,3.0
47380,"Waco, TX",47380,2.7,2.7,2.8,2.8,2.8,2.8,2.9,2.7,2.5,2.5,2.5,2.4,2.4,2.4,2.3,2.3,2.3,2.2,2.2,2.2,2.2,2.4,2.4,2.5,2.6,2.6,2.6,2.6,2.6,2.7,2.6,2.6,2.6,2.7,2.7,2.8,2.8,3.0,3.1,3.2,3.3,3.5,4.1,4.1,4.1
47930,"Waterbury-Shelton, CT",47930,3.5,3.5,3.2,3.3,3.4,3.6,4.1,4.8,4.8,4.3,4.0,3.9,3.7,3.6,3.5,3.3,3.1,3.0,2.9,3.0,3.0,3.3,3.7,4.2,4.6,4.9,4.9,4.7,4.2,3.8,3.8,3.7,3.6,3.7,3.6,3.4,3.4,3.3,3.4,3.3,3.6,3.9,4.2,4.4,4.7
48140,"Wausau, WI",48140,2.6,2.5,2.2,2.3,2.2,2.1,2.1,2.0,1.9,1.9,1.9,1.9,1.9,1.9,2.0,2.1,2.1,2.1,2.1,2.1,2.1,2.2,2.3,2.3,2.5,2.6,2.6,2.6,2.6,2.5,2.6,2.5,2.5,2.5,2.5,2.5,2.4,2.4,2.4,2.5,2.5,2.7,3.0,3.2,3.4
48620,"Wichita, KS",48620,2.7,2.6,2.6,2.6,2.5,2.4,2.4,2.3,2.2,2.1,2.0,2.0,2.1,2.1,2.2,2.2,2.2,2.1,2.2,2.2,2.1,2.2,2.3,2.3,2.3,2.4,2.4,2.4,2.5,2.4,2.4,2.4,2.3,2.4,2.4,2.5,2.5,2.4,2.5,2.6,2.8,3.0,3.2,3.2,3.3
48260,"Weirton-Steubenville, WV-OH",48260,2.1,2.1,1.8,2.0,2.0,2.1,2.2,2.1,2.0,1.9,1.9,1.9,2.1,2.1,2.1,2.1,2.2,2.2,2.3,2.1,2.1,2.2,2.2,2.3,2.2,2.3,2.2,2.2,2.1,2.1,2.0,1.9,1.9,1.9,1.9,1.9,1.9,2.0,2.0,1.9,2.0,2.1,2.3,2.5,2.5
48300,"Wenatchee-East Wenatchee, WA",48300,3.3,3.1,1.9,3.0,3.0,3.2,3.1,3.1,2.9,2.8,2.9,3.1,3.5,3.7,4.1,4.2,4.2,4.0,4.0,4.0,4.1,4.1,4.0,4.0,4.0,4.2,4.7,5.1,5.0,4.7,4.4,4.4,4.3,4.5,4.5,4.8,4.9,5.3,5.6,5.6,5.8,6.1,6.6,7.1,7.2
48540,"Wheeling, WV-OH",48540,3.2,3.0,2.5,2.7,2.6,2.7,2.8,2.7,2.5,2.4,2.4,2.3,2.6,2.6,2.6,2.6,2.7,2.6,2.7,2.5,2.5,2.6,2.6,2.7,2.8,2.8,2.8,2.7,2.6,2.5,2.4,2.3,2.3,2.4,2.3,2.4,2.4,2.4,2.3,2.3,2.4,2.6,2.7,2.6,2.9
48900,"Wilmington, NC",48900,3.1,3.2,3.2,3.1,3.2,3.2,3.3,3.3,3.3,3.3,3.3,3.3,3.3,3.4,3.5,3.6,3.7,3.7,3.7,3.7,3.7,3.8,3.9,4.0,4.2,4.8,5.5,5.5,5.4,5.1,4.8,4.4,4.1,4.2,4.2,4.1,4.2,4.3,4.4,4.4,4.6,5.2,5.7,5.6,5.7
48660,"Wichita Falls, TX",48660,2.7,2.6,2.7,2.8,2.7,2.7,2.7,2.5,2.3,2.3,2.2,2.3,2.3,2.3,2.3,2.3,2.3,2.3,2.2,2.2,2.2,2.3,2.3,2.4,2.4,2.5,2.5,2.5,2.4,2.4,2.5,2.4,2.4,2.3,2.4,2.2,2.4,2.4,2.4,2.4,2.6,2.8,3.0,3.0,2.9
48700,"Williamsport, PA",48700,2.4,2.3,2.1,2.1,2.0,1.9,1.9,2.0,2.1,2.0,2.1,2.2,2.4,2.5,2.5,2.5,2.6,2.5,2.5,2.4,2.4,2.5,2.6,2.6,2.7,2.8,2.8,2.8,2.9,2.9,2.8,2.8,2.7,2.7,2.7,2.7,2.7,2.8,2.9,3.0,3.1,3.2,3.5,3.6,3.8
49020,"Winchester, VA-WV",49020,3.6,3.7,3.4,3.5,3.3,3.2,3.1,3.2,3.3,3.4,3.4,3.4,3.5,3.3,3.2,3.1,3.0,3.0,3.0,2.9,2.9,3.2,3.5,4.0,4.8,5.9,6.5,6.3,5.6,5.5,4.9,4.7,4.2,4.0,3.8,3.8,3.6,3.7,3.6,3.6,3.7,4.1,4.6,4.7,4.8
49180,"Winston-Salem, NC",49180,2.4,2.5,2.3,2.3,2.3,2.3,2.3,2.3,2.3,2.2,2.2,2.2,2.2,2.2,2.2,2.2,2.2,2.2,2.2,2.2,2.3,2.4,2.5,2.6,2.6,2.7,2.7,2.7,2.7,2.8,2.8,2.8,2.9,3.0,3.1,3.2,3.1,3.2,3.3,3.4,3.7,4.0,4.6,4.5,4.6
47460,"Walla Walla, WA",47460,3.0,2.9,2.4,2.4,2.3,2.2,2.1,2.1,2.0,2.1,2.4,2.6,2.8,3.0,3.3,3.5,3.4,3.4,3.4,3.3,3.4,3.5,3.7,3.8,4.2,4.5,4.9,5.1,5.1,5.0,4.7,4.5,4.4,4.4,4.4,4.3,4.5,4.6,4.6,4.7,4.8,5.4,5.9,5.6,5.6
49340,"Worcester, MA",49340,2.8,2.9,2.9,2.9,3.2,3.6,4.1,4.4,4.3,4.0,4.0,3.8,3.7,3.6,3.5,3.4,3.2,3.2,3.2,2.9,2.7,2.9,4.2,4.6,4.9,4.9,4.5,4.1,3.5,3.2,3.5,3.3,3.2,3.5,3.6,3.6,3.5,3.6,3.8,3.9,4.2,4.6,4.8,4.8,4.9
47580,"Warner Robins, GA",47580,3.0,3.0,2.9,2.8,2.8,2.8,2.9,3.0,3.0,2.9,2.9,2.9,2.9,2.9,2.9,2.8,2.8,2.8,2.8,2.7,2.7,2.8,2.9,2.9,2.9,3.0,3.0,3.0,2.9,2.8,2.8,2.7,2.7,2.6,2.6,2.5,2.4,2.7,2.7,2.7,2.9,3.1,3.4,3.5,3.6
48680,"Wildwood-The Villages, FL",48680,3.2,3.0,2.8,3.0,2.9,2.8,2.9,2.9,2.9,2.9,2.9,3.0,3.1,3.2,3.2,3.2,3.2,3.2,3.3,3.4,3.5,3.6,3.7,3.6,3.8,3.9,4.2,3.7,3.3,3.2,3.2,3.2,3.0,3.1,3.2,3.3,3.2,3.3,3.3,3.5,3.5,3.7,4.2,4.3,4.4
49420,"Yakima, WA",49420,3.1,3.0,2.5,2.6,2.5,2.4,2.3,2.2,2.1,2.2,2.4,2.4,2.5,2.7,3.0,3.1,3.1,3.0,3.0,3.0,3.0,3.0,3.3,3.4,3.5,3.5,3.4,3.6,3.5,3.5,3.7,3.5,3.7,3.6,3.6,3.6,3.9,4.1,4.3,4.5,4.9,5.4,5.4,5.0,4.9
49660,"Youngstown-Warren, OH",49660,2.0,2.0,1.9,2.0,1.9,1.9,1.9,1.9,1.9,1.9,2.0,2.1,2.1,2.1,2.1,2.1,2.1,2.2,2.2,2.1,2.0,2.2,2.3,2.3,2.2,2.1,2.0,1.9,1.7,1.6,1.6,1.7,1.6,1.8,1.8,1.8,1.9,1.9,2.0,2.1,2.3,2.5,2.7,2.8,3.1
49620,"York-Hanover, PA",49620,2.5,2.4,2.3,2.3,2.2,2.2,2.3,2.4,2.5,2.6,2.5,2.6,2.6,2.6,2.5,2.5,2.4,2.4,2.4,2.3,2.2,2.4,2.4,2.5,2.7,3.0,3.2,3.2,3.0,2.9,2.8,2.7,2.6,2.6,2.7,2.7,2.7,2.7,2.7,2.7,2.8,2.9,3.1,3.2,3.3
49700,"Yuba City, CA",49700,3.9,3.8,3.3,3.2,3.1,2.9,2.9,2.9,3.0,3.3,3.4,3.6,3.6,3.7,3.6,3.5,3.4,3.3,3.2,3.2,3.2,3.6,4.2,4.9,5.9,7.3,7.4,6.4,4.9,4.6,4.8,4.4,4.3,4.8,5.5,5.6,5.7,6.2,6.2,6.5,6.7,7.5,8.0,7.1,7.0
49740,"Yuma, AZ",49740,3.0,3.1,2.9,3.1,3.1,3.1,3.1,3.0,2.9,2.9,2.9,2.9,2.9,2.9,2.8,2.8,2.8,2.8,2.8,2.8,2.8,2.7,2.7,2.7,2.8,3.5,3.8,3.5,3.1,2.9,2.7,2.5,2.4,2.5,2.6,2.7,2.6,2.7,2.7,2.7,2.7,3.1,3.5,3.4,3.5